-- phpMyAdmin SQL Dump
-- version 5.1.1
-- https://www.phpmyadmin.net/
--
-- Host: 127.0.0.1:3306
-- Generation Time: Nov 25, 2021 at 09:46 AM
-- Server version: 8.0.27
-- PHP Version: 7.4.3

SET SQL_MODE = "NO_AUTO_VALUE_ON_ZERO";
START TRANSACTION;
SET time_zone = "+00:00";


/*!40101 SET @OLD_CHARACTER_SET_CLIENT=@@CHARACTER_SET_CLIENT */;
/*!40101 SET @OLD_CHARACTER_SET_RESULTS=@@CHARACTER_SET_RESULTS */;
/*!40101 SET @OLD_COLLATION_CONNECTION=@@COLLATION_CONNECTION */;
/*!40101 SET NAMES utf8mb4 */;

--
-- Database: `gleopedia`
--

-- --------------------------------------------------------

--
-- Table structure for table `City`
--

CREATE TABLE `City` (
  `id` int NOT NULL,
  `Name` varchar(250) CHARACTER SET utf8mb4 COLLATE utf8mb4_0900_ai_ci NOT NULL,
  `Population` int DEFAULT NULL,
  `Area` int DEFAULT NULL,
  `Governer` varchar(250) CHARACTER SET utf8mb4 COLLATE utf8mb4_0900_ai_ci DEFAULT NULL,
  `Coordinates` varchar(250) CHARACTER SET utf8mb4 COLLATE utf8mb4_0900_ai_ci DEFAULT NULL
) ENGINE=InnoDB DEFAULT CHARSET=utf8mb4 COLLATE=utf8mb4_0900_ai_ci;

--
-- Dumping data for table `City`
--

INSERT INTO `City` (`id`, `Name`, `Population`, `Area`, `Governer`, `Coordinates`) VALUES
(1, 'Algiers', 3915811, 363, 'Abdelkader Seyouda (since 2019)', '36°45′14″N 3°3′32″E'),
(2, 'Luanda', 2571861, 116, NULL, '8°50′18″S 13°14′04″E'),
(3, 'Porto-Novo', NULL, 110, 'Emmanuel Zossou', '6°29′50″N 2°36′18″E'),
(4, 'Cotonou', NULL, 79, 'Luc Atrokpo ', '6°22′N 2°26′E'),
(5, 'Gaborone', 1014, 169, 'Thata Father Maphongo (BDP)', '24°39′29″S 25°54′44″E'),
(6, 'Ouagadougou', 2453496, 520, 'Armand Béouindé (since 2016)', '12°22′N 1°32′W'),
(7, 'Ouagadougou', 2453496, 520, 'Armand Béouindé (since 2016)', '12°22′N 1°32′W'),
(8, 'Ouagadougou', 2453496, 520, 'Armand Béouindé (since 2016)', '12°22′N 1°32′W'),
(9, 'Gitega', 1504, 22, NULL, '3°26′S 29°54′E'),
(10, 'Bujumbura', 1000000, 127, 'CP Jimmy Hatungimana', '3°23′S 29°22′E'),
(11, 'Yaoundé', NULL, 180, NULL, '3°52′N 11°31′E'),
(12, 'Praia', NULL, 103, NULL, '14°55′05″N 23°30′32″W'),
(13, 'Bangui', NULL, 67, 'Emile Raymond Gros Nakombo (2016–present)', '04°22′24″N 18°33′46″E'),
(14, 'N\'Djamena', 916000, 104, NULL, '12°06′36″N 15°03′00″E'),
(15, 'Moroni', NULL, 30, NULL, '11°41′56″S 43°15′22″E'),
(16, 'Kinshasa', 17071000, 9965, 'Gentiny Ngobila Mbala', '4°19′30″S 15°19′20″E'),
(17, 'Brazzaville', 1696392, 264, 'Dieudonné Bantsimba', '4°16′4″S 15°17′31″E'),
(18, 'Djibouti', 600000, 26, 'Fatouma Awaleh Osman', '11°35′18″N 43°08′42″E'),
(19, 'Cairo', NULL, 3085, 'Khaled Abdel Aal', '30°2′N 31°14′E'),
(20, 'Malabo', NULL, 21, NULL, '3°45′7.43″N 8°46′25.32″E'),
(21, 'Bata', NULL, NULL, NULL, '01°51′54″N 09°46′12″E'),
(22, 'Asmara', 2325, 45, 'Fshaye Haile', '15°19′22″N 38°55′30″E'),
(23, 'Mbabane', 1243, 82, 'Sikhumbuzo Dube', '26°19′S 31°08′E'),
(24, 'Manzini', NULL, NULL, 'Jabu Shiba ', '26°29′0″S 31°22′0″E'),
(25, 'Addis Ababa', 2355, 527, 'Adanech Abebe', '9°1′48″N 38°44′24″E'),
(26, 'Libreville', NULL, 65, NULL, '0°23′25″N 9°27′15″E'),
(27, 'Banjul', 73000, 12, 'Rohey Malick Lowe', '13°27′11″N 16°34′39″W'),
(28, 'Accra', 5055900, 173, NULL, '5°33′N 0°12′W'),
(29, 'Conakry', NULL, 450, NULL, '09°30′33″N 13°42′44″W'),
(30, 'Bissau', NULL, 78, NULL, '11°51′N 15°34′W'),
(31, 'Yamoussoukro', NULL, 3500, 'Augustin Abdoulaye Thiam Houphouët', '06°48′58″N 05°16′27″W'),
(32, 'Abidjan', 3677115, 2119, 'Robert Beugré Mambé', '5°19′N 4°2′W'),
(33, 'Nairobi', 1795, 696, 'Anne Kananu Mwenda', '01°17′11″S 36°49′02″E'),
(34, 'Maseru', 1600, 138, NULL, '29°19′S 27°29′E'),
(35, 'Monrovia', NULL, NULL, 'Jefferson T. Koijee', '6°18′48″N 10°48′5″W'),
(36, 'Tripoli', NULL, 1507, 'Abdulrauf Beitelmal', '32°53′14″N 13°11′29″E'),
(37, 'Antananarivo', 1276, 85, 'Naina Andriantsitohaina', '18°56′S 47°31′E'),
(38, 'Lilongwe', 1050, 728, 'Juliana Kaduya', '13°59′S 33°47′E'),
(39, 'Bamako', 2713000, 245, NULL, '12°38′21″N 8°0′10″W'),
(40, 'Nouakchott', NULL, 1000, NULL, '18°05′09″N 15°58′43″W'),
(41, 'Port Louis', NULL, 47, 'Daniel Eric Clive Laurent', '20°9′52″S 57°30′15″E'),
(42, 'Rabat', 577827, 117, 'Asmaa Rhlalou', '34°02′N 6°50′W'),
(43, 'Casablanca', 3359818, 220, 'Nabila Rmili', '33°32′N 7°35′W'),
(44, 'Maputo', 1088449, 348, 'Iolanda Cintura', '25°58′S 32°35′E'),
(45, 'Windhoek', 1655, 5133, 'Job Amupanda (AR)', '22°34′12″S 17°5′1″E'),
(46, 'Niamey', 1026848, 239, 'Assane Seydou Sanda', '13°30′42″N 2°7′31″E'),
(47, 'Abuja', 1235880, 1769, NULL, '9°4′N 7°29′E'),
(48, 'Lagos', 8048430, 1171, NULL, '6°27′18″N 3°23′03″E'),
(49, 'Kigali', 1567, 730, 'Pudence Rubingisa', '1°56′38″S 30°3′34″E'),
(50, 'São Tomé', NULL, 17, NULL, '0°20′10″N 6°43′50″E'),
(51, 'Dakar', 1146052, 83, 'Soham El Wardini (2018)', '14°41′34″N 17°26′48″W'),
(52, 'Victoria', NULL, 20, 'David André', '4°37′S 55°27′E'),
(53, 'Freetown', NULL, 81, 'Yvonne Aki-Sawyerr', '8°29′4″N 13°14′4″W'),
(54, 'Mogadishu', NULL, NULL, 'Omar M. Finnish', '02°02′N 45°20′E'),
(55, 'Pretoria', 1339, 688, 'Randall Williams (DA)', '25°44′46″S 28°11′17″E'),
(56, 'Johannesburg', 1753, 1645, 'Mpho Moerane', '26°12′16″S 28°2′44″E'),
(57, 'Juba', NULL, 52, 'Stephen Wani Michael', '4°51′N 31°36′E'),
(58, 'Khartoum', 639598, 1010, NULL, '15°30′2″N 32°33′36″E'),
(59, 'Omdurman', NULL, 615, NULL, '15°39′N 32°29′E'),
(60, 'Dodoma', 1120, 2576, 'Davis G. Mwamfupe', '6°10′23″S 35°44′31″E'),
(61, 'Dar es Salaam', 6400000, 1493, 'Isaya Mwita Charles', '6°48′S 39°17′E'),
(62, 'Lomé', 837437, 99, 'Aouissi Lodé', '6°7′55″N 1°13′22″E'),
(63, 'Tunis', 638845, 213, 'Souad Abderrahim (Ennahda)', '36°48′23″N 10°10′54″E'),
(64, 'Kampala', 1200, 189, 'Erias Lukwago', '00°18′49″N 32°34′52″E'),
(65, 'Lusaka', 1279, 418, 'Miles Sampa', '15°25′S 28°17′E'),
(66, 'Harare', 1490, 961, 'Jacob Mafume (MDC)', '17°49′45″S 31°3′8″E'),
(67, 'Kabul', 1791, 1028, 'Hamdullah Nomani', '34°31′31″N 69°10′42″E'),
(68, 'Yerevan', 1390, 223, 'Hayk Marutyan', '40°10′53″N 44°30′52″E'),
(69, 'Baku', 2293100, 2140, 'Eldar Azizov', '40°23′43″N 49°52′56″E'),
(70, 'Manama', 200000, 30, 'Hamad bin Isa Al Khalifa', '26°13′30″N 50°34′39″E'),
(71, 'Dhaka', 2161, 306, 'Atiqul Islam', '23°45′50″N 90°23′20″E'),
(72, 'Thimphu', 2320, 26, NULL, '27°28′20″N 89°38′10″E'),
(73, 'Bandar Seri Begawan', 100700, 100, NULL, '4°53′25″N 114°56′32″E'),
(74, 'Phnom Penh', NULL, 679, 'Khuong Sreng (CPP)', '11°34′10″N 104°55′16″E'),
(75, 'Beijing', 2303, 16411, 'Chen Jining', '39°54′24″N 116°23′51″E'),
(76, 'Shanghai', 24870895, 6341, 'Gong Zheng', '31°13′43″N 121°28′29″E'),
(77, 'Nicosia', NULL, 51, 'Constantinos Yiorkadjis (Ind.)', '35°10′21″N 33°21′54″E'),
(78, 'Dili', 222323, 48, NULL, '08°33′13″S 125°34′42″E'),
(79, 'Tbilisi', 1171100, 504, 'Kakha Kaladze (GD)', '41°43′21″N 44°47′33″E'),
(80, 'New Delhi', 257803, 43, NULL, '28°36′50″N 77°12′32″E'),
(81, 'Mumbai', 12478447, 603, 'Kishori Pednekar', '19°04′34″N 72°52′39″E'),
(82, 'Jakarta', 10562088, 664, 'Anies Baswedan', '6°12′S 106°49′E'),
(83, 'Tehran', NULL, 615, 'Alireza Zakani', '35°41′21″N 51°23′20″E'),
(84, 'Baghdad', NULL, 673, 'Alaa Al-Amari', '33°20′N 44°23′E'),
(85, 'Jerusalem', 125156, NULL, NULL, '31°47′N 35°13′E'),
(86, 'Tokyo', NULL, 2194, 'Yuriko Koike (TF)', '35°41′23″N 139°41′32″E'),
(87, 'Amman', 1100, 1680, 'Noor Alnazer Farah Nabulsi', '31°56′59″N 35°55′58″E'),
(88, 'Nur-Sultan', 1136008, 810, NULL, '51°10′N 71°26′E'),
(89, 'Almaty', 1700, 682, NULL, '43°16′39″N 76°53′45″E'),
(90, 'Pyongyang', NULL, 2000, NULL, '39°1′10″N 125°44′17″E'),
(91, 'Seoul', 9733509, 605, 'Oh Se-hoon (People\'s Power)', '37°33′36″N 126°59′24″E'),
(92, 'Kuwait City', NULL, NULL, NULL, '29°22′11″N 47°58′42″E'),
(93, 'Bishkek', NULL, 170, 'Aibek Dzhunushaliev', '42°52′29″N 74°36′44″E'),
(94, 'Vientiane', NULL, 3920, NULL, '17°58′N 102°36′E'),
(95, 'Beirut', NULL, 20, 'Marwan Abboud', '33°53′13″N 35°30′47″E'),
(96, 'Putrajaya', NULL, 49, NULL, '02°55′48″N 101°41′24″E'),
(97, 'Kuala Lumpur', 1790000, 243, 'Mahadi bin Che Ngah\n', '03°08′52″N 101°41′43″E'),
(98, 'Malé', 133412, 2, 'Dr. Mohamed Muiz', '4°10′31″N 73°30′32″E'),
(99, 'Ulaanbaatar', 1350, 4704, 'Dolgorsürengiin Sumyaabazar (MPP)', '47°55′13″N 106°55′02″E'),
(100, 'Naypyidaw', NULL, 7054, NULL, '19°44′51″N 96°06′54″E'),
(101, 'Yangon', 5160512, 599, 'Maung Maung Soe', '16°47′42″N 96°09′36″E'),
(102, 'Kathmandu', 1400, 49, 'Bidya Sundar Shakya (CPN-UML)', '27°43′02″N 85°19′26″E'),
(103, 'Muscat', NULL, 274, NULL, '23°35′20″N 58°24′30″E'),
(104, 'Islamabad', 1584, 220, 'Peer Adil Shah Gillani', '33°41′35″N 73°03′50″E'),
(105, 'Karachi', 14910352, 3780, 'None (vacant)', '24°51′36″N 67°0′36″E'),
(106, 'Manila', NULL, 43, 'Isko Moreno (Aksyon/Asenso Manileño)', '14°36′N 120°59′E'),
(107, 'Quezon City', NULL, 161, 'Joy Belmonte', '14°38′N 121°02′E'),
(108, 'Doha', NULL, 132, NULL, '25°17′12″N 51°32′0″E'),
(109, 'Moscow', 12506468, 2562, 'Sergey Sobyanin', '55°45′21″N 37°37′2″E'),
(110, 'Riyadh', NULL, 1973, 'Faisal bin Bandar Al Saud', '24°38′N 46°43′E'),
(111, 'Sri Jayawardenepura Kotte', 115826, 17, 'I M V Premalal (SLPP)', '6°55′N 79°55′E'),
(112, 'Colombo', 752993, 37, 'Rosy Senanayake (UNP)', '6°56′04″N 79°50′34″E'),
(113, 'Damascus', 2079000, 105, NULL, '33°30′47″N 36°17′31″E'),
(114, 'Dushanbe', 863400, 203, 'Rustam Emomali (People\'s Democratic Party of Tajikistan)', '38°32′12″N 68°46′48″E'),
(115, 'Bangkok', 8305218, 1569, 'Aswin Kwanmuang', '13°45′09″N 100°29′39″E'),
(116, 'Ankara', 5663322, 24521, 'Mansur Yavaş (CHP)', '39°55′48″N 32°51′00″E'),
(117, 'Istanbul', NULL, 2577, 'Ekrem İmamoğlu (CHP)', '41°00′49″N 28°57′18″E'),
(118, 'Ashgabat', NULL, 918, 'Ýaztagan Gylyjow', '37°56′15″N 58°22′48″E'),
(119, 'Abu Dhabi', 1450000, 972, NULL, '24°28′N 54°22′E'),
(120, 'Dubai', 3456058, 4114, NULL, '25°15′47″N 55°17′50″E'),
(121, 'Tashkent', NULL, 335, 'Jahongir Ortiqhojaev', '41°18′N 69°16′E'),
(122, 'Hanoi', NULL, 3359, NULL, '21°01′42″N 105°51′15″E'),
(123, 'Ho Chi Minh City', NULL, 2061, NULL, '10°48′N 106°39′E'),
(124, 'Sana\'a', 2250, 126, NULL, '15°20′54″N 44°12′23″E'),
(125, 'Riyadh', NULL, 1973, 'Faisal bin Bandar Al Saud', '24°38′N 46°43′E'),
(126, 'Sana\'a', 2250, 126, NULL, '15°20′54″N 44°12′23″E'),
(127, 'St. John\'s', NULL, 10, NULL, '17°07′N 61°51′W'),
(128, 'Nassau', NULL, 207, NULL, '25°4′N 77°20′W'),
(129, 'Bridgetown', 110000, NULL, NULL, '13°05′51″N 59°37′00″W'),
(130, 'Belmopan', 16451, 33, 'Khalid Belisle (UDP)', '17°15′5″N 88°46′1″W'),
(131, 'Belize City', 57169, NULL, 'Bernard Wagner (PUP)', '17°29′55″N 88°11′19″W'),
(132, 'Ottawa', 934243, 2790, 'Jim Watson', '45°25′29″N 75°41′42″W'),
(133, 'Toronto', NULL, 630, 'John Tory', '43°44′30″N 79°22′24″W'),
(134, 'San José', NULL, 45, 'Johnny Araya Monge (PASJ)', '9°56′N 84°5′W'),
(135, 'Havana', 2130517, 728, 'Reinaldo García Zapata (PCC)', '23°08′12″N 82°21′32″W'),
(136, 'Roseau', NULL, NULL, 'Cecil Joseph', '15°18′05″N 61°23′18″W'),
(137, 'Santo Domingo', 965040, 104, 'Carolina Mejía', '18°28′N 69°57′W'),
(138, 'San Salvador', 2406709, 72, 'Mario Durán', '13°41′56″N 89°11′29″W'),
(139, 'St. George\'s', NULL, NULL, NULL, '12°3′N 61°45′W'),
(140, 'Guatemala City', 1500, 220, 'Ricardo Quiñónez Lemus (Unionist)', '14°36′48″N 90°32′7″W'),
(141, 'Port-au-Prince', 987310, 36, 'Ralph Youri Chevry', '18°32′N 72°20′W'),
(142, 'Tegucigalpa', 1276738, 1502, 'Nasry Asfura (PNH)', '14°6′N 87°13′W'),
(143, 'Kingston', 662435, 480, 'Delroy Williams', '17°58′17″N 76°47′35″W'),
(144, 'Mexico City', 2240, 1485, 'Claudia Sheinbaum', '19°26′N 99°8′W'),
(145, 'Managua', 1055247, 267, 'Reyna Rueda', '12°8′11″N 86°15′5″W'),
(146, 'Panama City', NULL, 275, 'José Luis Fábrega (PRD)', '8°59′N 79°31′W'),
(147, 'Basseterre', NULL, 6, NULL, '17°18′N 62°44′W'),
(148, 'Castries', NULL, 79, 'Geraldine Lendor-Gabriel', '14°01′N 60°59′W'),
(149, 'Kingstown', NULL, NULL, NULL, '13°09′28″N 061°13′30″W'),
(150, 'Port of Spain', NULL, 12, 'Joel Martinez, PNM', '10°40′N 61°31′W'),
(151, 'San Fernando', NULL, 19, 'Junia Regrello, PNM', '10°17′N 61°28′W'),
(152, 'Washington, D.C.', 689545, NULL, 'Muriel Bowser (D)', '38°54′36″N 77°00′53″W'),
(153, 'New York City', 8804190, NULL, 'Bill de Blasio (D)', '40°42′46″N 74°00′22″W'),
(154, 'Buenos Aires', 2891082, 203, 'Horacio Rodríguez Larreta (PRO)', '34°36′12″S 58°22′54″W'),
(155, 'Sucre', 2810, 1768, 'Rosario López Rojo de Aparicio', '19°3′0″S 65°15′0″W'),
(156, 'Santa Cruz de la Sierra', NULL, 1345, 'Jhonny Fernandez', '17°48′S 63°11′W'),
(157, 'Brasília', NULL, 5802, NULL, '15°47′38″S 47°52′58″W'),
(158, 'São Paulo', 12325232, 1521, 'Ricardo Nunes (MDB)', '23°33′S 46°38′W'),
(159, 'Santiago', 6269384, 641, 'Claudio Orrego Larraín', '33°27′S 70°40′W'),
(160, 'Bogotá', 2640, 1587, 'Claudia López Hernández(2020–2023)', '4°42′40″N 74°4′20″W'),
(161, 'Quito', 2850, 372, 'Santiago Guarderas', '00°13′12″S 78°30′45″W'),
(162, 'Georgetown', 118363, 70, 'Ubraj Narine', '6°48′4″N 58°9′19″W'),
(163, 'Asunción', 525252, 117, NULL, '25°18′S 57°38′W'),
(164, 'Lima', NULL, 2672, 'Jorge Muñoz', '12°03′S 77°02′W'),
(165, 'Paramaribo', 240924, 182, NULL, '5°51′8″N 55°12′14″W'),
(166, 'Montevideo', 1719453, 201, NULL, '34°53′1″S 56°10′55″W'),
(167, 'Caracas', 1400, 433, NULL, '10°28′50″N 66°54′13″W'),
(168, 'Tirana', NULL, 1110, 'Erion Veliaj', '41°19′44″N 19°49′04″E'),
(169, 'Andorra la Vella', 1023, 12, NULL, '42°30′N 01°30′E'),
(170, 'Vienna', NULL, 415, 'Michael Ludwig (SPÖ)', '48°12′N 16°22′E'),
(171, 'Minsk', 2009786, 410, NULL, '53°54′N 27°34′E'),
(172, 'Brussels', NULL, 162, NULL, '50°51′N 4°21′E'),
(173, 'Sarajevo', 275524, 142, 'Benjamina Karić', '43°52′N 18°25′E'),
(174, 'Sofia', NULL, 492, 'Yordanka Fandakova (GERB)', '42°42′N 23°20′E'),
(175, 'Zagreb', 1035, 641, 'Tomislav Tomašević (Možemo!)', '45°49′N 15°59′E'),
(176, 'Prague', 1335084, 496, 'Zdeněk Hřib (Pirates)', '50°5′N 14°25′E'),
(177, 'Copenhagen', 799033, 180, NULL, '55°40′34″N 12°34′06″E'),
(178, 'Tallinn', 437619, 159, 'Mihhail Kõlvart', '59°26′14″N 24°44′43″E'),
(179, 'Helsinki', 656250, 715, 'Juhana Vartiainen (NCP)', '60°10′15″N 24°56′15″E'),
(180, 'Paris', 2175601, 105, 'Anne Hidalgo (PS)', '48°51′24″N 2°21′08″E'),
(181, 'Berlin', 3664088, 892, 'Michael Müller (SPD)', '52°31′12″N 13°24′18″E'),
(182, 'Athens', 664046, 39, 'Kostas Bakoyannis (New Democracy)', '37°59′03″N 23°43′41″E'),
(183, 'Budapest', 1752286, 525, 'Gergely Karácsony (Dialogue)', '47°29′33″N 19°03′05″E'),
(184, 'Reykjavík', NULL, 273, NULL, '64°08′48″N 21°56′24″W'),
(185, 'Dublin', 554554, 118, 'Alison Gilliland (Lab)', '53°20′59″N 06°15′37″W'),
(186, 'Rome', 2860009, 1285, 'Roberto Gualtieri (PD)', '41°53′N 12°30′E'),
(187, 'Riga', 614618, 304, 'Mārtiņš Staķis', '56°56′56″N 24°6′23″E'),
(188, 'Vaduz', NULL, 17, 'Manfred Bischof (FBP)', '47°08′28″N 9°31′16″E'),
(189, 'Schaan', NULL, 27, NULL, '47°10′00″N 9°30′35″E'),
(190, 'Vilnius', 588412, 401, 'Remigijus Šimašius', '54°41′N 25°17′E'),
(191, 'Luxembourg City', NULL, 51, 'Lydie Polfer (DP)', '49°36′42″N 6°7′55″E'),
(192, 'Valletta', 5827, 1, 'Alfred Zammit (PL)', '35°53′54″N 14°30′45″E'),
(193, 'St. Paul\'s Bay', NULL, 14, 'Alfred Grima (PL)', '35°56′54″N 14°24′6″E'),
(194, 'Chișinău', 532513, 123, 'Ion Ceban', '47°01′22″N 28°50′07″E'),
(195, 'Monte Carlo', NULL, 0, NULL, '43°44′23″N 7°25′38″E'),
(196, 'Podgorica', NULL, 108, 'Ivan Vuković (DPS)', '42°26′28.63″N 19°15′46.41″E'),
(197, 'Amsterdam', 872680, 219, 'Femke Halsema (GL)', '52°22′N 4°54′E'),
(198, 'Skopje', 506926, 571, 'Danela Arsovska (Independent)', '42°0′N 21°26′E'),
(199, 'Oslo', NULL, 480, 'Marianne Borgen (SV)', '59°54′50″N 10°45′8″E'),
(200, 'Warsaw', NULL, 517, 'Rafał Trzaskowski (PO)', '52°14′N 21°1′E'),
(201, 'Lisbon', 544851, 100, 'Carlos Moedas', '38°43′31″N 9°09′00″W'),
(202, 'Bucharest', 1883425, 228, 'Nicușor Dan (Ind.)', '44°25′57″N 26°6′14″E'),
(203, 'San Marino', NULL, 7, NULL, '43°56′4.56″N 12°26′50.28″E'),
(204, 'Dogana', NULL, NULL, NULL, '43°58′52.57″N 12°29′22.2″E'),
(205, 'Belgrade', 1166763, 360, 'Zoran Radojičić (Ind.)', '44°49′N 20°28′E'),
(206, 'Bratislava', 440948, 368, 'Matúš Vallo', '48°08′38″N 17°06′35″E'),
(207, 'Ljubljana', NULL, 164, 'Zoran Janković (PS)', '46°03′20″N 14°30′30″E'),
(208, 'Madrid', 3223334, 604, 'José Luis Martínez-Almeida (PP)', '40°25′N 3°43′W'),
(209, 'Stockholm', 975819, 188, 'Anna König Jerlmyr (M)', '59°19′46″N 18°4′7″E'),
(210, 'Zürich', NULL, 88, 'Stadtpräsidentin (list)Corine Mauch SPS/PSS(as of February 2014)', '47°22′N 8°33′E'),
(211, 'Kyiv', NULL, 839, 'Vitali Klitschko', '50°27′00″N 30°31′24″E'),
(212, 'London', 8961989, 1572, NULL, '51°30′26″N 0°7′39″W'),
(213, 'Canberra', NULL, 814, NULL, '35°17′35″S 149°07′37″E'),
(214, 'Sydney', NULL, 12368, NULL, '33°51′54″S 151°12′34″E'),
(215, 'Palikir', NULL, NULL, NULL, '6°55′2″N 158°9′32″E'),
(216, 'Weno', NULL, 19, NULL, '7°27′N 151°51′E'),
(217, 'Suva', 93970, 26, NULL, '18°08′30″S 178°26′31″E'),
(218, 'South Tarawa', NULL, 16, NULL, '1°26′N 173°00′E'),
(219, 'Majuro', NULL, NULL, 'Ladie Jack', '7°05′N 171°23′E'),
(220, 'Yaren', NULL, 2, NULL, '0°32′51.72″S 166°55′15.12″E'),
(221, 'Denigomodu District', NULL, 1, NULL, '0°31′25″S 166°54′52″E'),
(222, 'Wellington', NULL, 304, 'Andy Foster', '41°17′20″S 174°46′38″E'),
(223, 'Auckland', NULL, 607, 'Phil Goff', '36°50′26″S 174°44′24″E'),
(224, 'Ngerulmud', NULL, NULL, NULL, '7°30′2″N 134°37′27″E'),
(225, 'Koror', 11200, NULL, NULL, '7°20.5167′N 134°28.75′E'),
(226, 'Port Moresby', 364145, 240, 'Powes Parkop (2007-)', '9°28′44″S 147°08′58″E'),
(227, 'Apia', 36735, NULL, NULL, '13°50′S 171°45′W'),
(228, 'Honiara', NULL, 22, 'Wilson Mamae', '9°25′55″S 159°57′20″E'),
(229, 'Nukuʻalofa', NULL, NULL, NULL, '21°8′0″S 175°12′0″W'),
(230, 'Funafuti', NULL, 2, NULL, '08°31′S 179°12′E'),
(231, 'Port Vila', NULL, 24, 'Erick Puyo Festa', '17°44′S 168°19′E');

-- --------------------------------------------------------

--
-- Table structure for table `Country`
--

CREATE TABLE `Country` (
  `id` int NOT NULL,
  `Name` varchar(250) CHARACTER SET utf8mb4 COLLATE utf8mb4_0900_ai_ci NOT NULL,
  `Population` float DEFAULT '0',
  `isDrivingSideRight` tinyint DEFAULT NULL,
  `CallingCode` varchar(6) CHARACTER SET utf8mb4 COLLATE utf8mb4_0900_ai_ci DEFAULT NULL,
  `Timezone` varchar(250) CHARACTER SET utf8mb4 COLLATE utf8mb4_0900_ai_ci DEFAULT NULL,
  `Continent` varchar(45) CHARACTER SET utf8mb4 COLLATE utf8mb4_0900_ai_ci DEFAULT NULL,
  `Area` int DEFAULT NULL,
  `WaterPercentage` decimal(10,4) DEFAULT NULL,
  `Legislature` varchar(250) CHARACTER SET utf8mb4 COLLATE utf8mb4_0900_ai_ci DEFAULT NULL,
  `HDI` decimal(19,4) DEFAULT NULL,
  `President_Monarch` int DEFAULT NULL,
  `PolCapital` int DEFAULT NULL,
  `GeoCapital` int DEFAULT NULL,
  `currency` varchar(45) CHARACTER SET utf8mb4 COLLATE utf8mb4_0900_ai_ci DEFAULT NULL,
  `GDP_PPP` double DEFAULT NULL,
  `GDP_Nominal` double DEFAULT NULL,
  `Gini` decimal(19,4) DEFAULT NULL,
  `TotalCovidCases` float DEFAULT '0',
  `TotalCovidVaccinations` float DEFAULT '0'
) ENGINE=InnoDB DEFAULT CHARSET=utf8mb4 COLLATE=utf8mb4_0900_ai_ci;

--
-- Dumping data for table `Country`
--

INSERT INTO `Country` (`id`, `Name`, `Population`, `isDrivingSideRight`, `CallingCode`, `Timezone`, `Continent`, `Area`, `WaterPercentage`, `Legislature`, `HDI`, `President_Monarch`, `PolCapital`, `GeoCapital`, `currency`, `GDP_PPP`, `GDP_Nominal`, `Gini`, `TotalCovidCases`, `TotalCovidVaccinations`) VALUES
(1, 'Algeria', 44700000, 1, '213', 'UTC+1 (CET)', 'Africa', 2381741, '1.1000', 'Parliament', '0.7480', 1, 1, 1, 'Algerian dinar (DZD)', 532565000000, 163512000000, '27.6000', 207873, 11376800),
(2, 'Angola', 31127700, 1, '244', 'UTC+1 (WAT)', 'Africa', 1246700, '1.1000', 'National Assembly', '0.5810', 2, 2, 2, 'Kwanza (AOA)', 213034000000, 64480000000, '51.3000', 64985, 8231980),
(3, 'Benin', 0, 1, '229', 'UTC+1 (WAT)', 'Africa', 114763, '0.4000', 'National Assembly', '0.5450', 3, 3, 4, 'West African CFA franc (XOF)', 29918000000, 11386000000, '47.8000', 24804, 347270),
(4, 'Botswana', 0, 0, '267', 'Central Africa Time (GMT+2)[15]', 'Africa', 581730, '2.7000', 'National Assembly', '0.7350', 4, 5, 5, 'Pula (BWP)', 43389000000, 18726000000, '53.3000', 194445, 1254240),
(5, 'Burkina Faso', 21510200, 1, '226', 'UTC  (GMT)', 'Africa', 274200, '0.1460', 'National Assembly', '0.4520', 5, 6, 6, 'West African CFA franc[8] (XOF)', 45339000000, 16226000000, '38.9000', 15103, 661796),
(6, 'Burundi', 11865800, 1, '257', 'UTC+2 (CAT)', 'Africa', 27834, '10.0000', 'Parliament', '0.4330', 6, 9, 10, 'Burundian franc (FBu) (BIF)', 8380000000, 3573000000, '39.2000', 20276, 1266),
(7, 'Cameroon', 26545900, 1, '237', 'UTC+1 (WAT)', 'Africa', 475442, '0.5700', 'Parliament', '0.5630', 7, 11, 11, 'Central African CFA franc (XAF)', 101950000000, 44893000000, '46.6000', 106190, 607270),
(8, 'Cape Verde', 0, 1, '238', 'UTC–1 (CVT)', 'Africa', 4033, '0.5700', 'National Assembly', '0.6650', 8, 12, 12, 'Cape Verdean escudo (CVE)', 4323000000, 2042000000, '42.4000', 38278, 526891),
(9, 'Central African Republic', 0, 1, '236', 'UTC+1 (WAT)', 'Africa', 622984, '0.0000', 'National Assembly', '0.3970', 9, 13, 13, 'Central African CFA franc (XAF)', 4262000000, 2321000000, NULL, 11579, 422372),
(10, 'Chad', 16244500, 1, '235', 'UTC+1 (WAT)', 'Africa', 1284000, '1.9000', 'Transitional Military Council[4][5][6]', '0.3980', NULL, 14, 14, 'Central African CFA franc (XAF)', 30000000000, 11000000000, '43.3000', 5107, 242251),
(11, 'Comoros', 0, 1, '269', 'UTC+3 (EAT)', 'Africa', 1861, '1.9000', 'Assembly of the Union', '0.5540', 10, 15, 15, 'Comorian franc (KMF)', 2446000000, 1179000000, '45.0000', 4388, 476350),
(12, 'Democratic Republic of the Congo', 92377400, 1, '243', 'UTC+1 to +2 (WAT and CAT)', 'Africa', 2345409, '3.3200', 'Parliament', '0.4800', 11, 16, 16, 'Congolese franc (CDF)', 77486000000, 46117000000, '42.1000', NULL, NULL),
(13, 'Republic of the Congo', 0, 1, '242', 'UTC+1 (WAT)', 'Africa', 342000, '3.3000', 'Parliament', '0.5740', 12, 17, 17, 'Central African CFA franc (XAF)', 32516000000, 11162000000, '40.2000', NULL, NULL),
(14, 'Djibouti', 921804, 1, '253', 'UTC+3 (EAT)', 'Africa', 23200, '0.0900', 'National Assembly', '0.5240', 13, 18, 18, 'Djiboutian franc (DJF)', 3974000000, 2187000000, '41.6000', 13500, 96168),
(15, 'Egypt', 101479000, 1, '20', 'UTC+2[c] (EGY)', 'Asia', 1010408, '0.6320', 'Parliament', '0.7070', 14, 19, 19, 'Egyptian pound (E£) (EGP)', 1391000000000, 362000000000, '31.5000', 343026, 34871400),
(16, 'Equatorial Guinea', 1454790, 1, '240', 'UTC+1 (WAT)', 'Africa', 28050, '0.6320', 'Parliament', '0.5920', 15, 20, 21, 'Central African CFA franc (XAF)', 29162000000, 12432000000, NULL, 13485, 440310),
(17, 'Eritrea', 0, 1, '291', 'UTC+3 (EAT)', 'Africa', 117600, '0.1400', 'National Assembly', '0.4590', 16, 22, 22, 'Nakfa (ERN)', 11010000000, 8090000000, NULL, NULL, NULL),
(18, 'Eswatini', 1160160, 0, '268', 'UTC+2 (SAST)', 'Africa', 17364, '0.9000', 'Parliament', '0.6110', NULL, 23, 24, NULL, 10463000000, 4211000000, '54.6000', 46465, 293353),
(19, 'Ethiopia', 117876000, 1, '251', 'UTC+3 (EAT)', 'Africa', 1104300, '0.7000', 'Federal Parliamentary Assembly', '0.4850', 17, 25, 25, 'Birr (ETB)', 278000000000, NULL, '35.0000', 369437, 5132510),
(20, 'Gabon', 0, 1, '241', 'UTC+1 (WAT)', 'Africa', 267667, '3.7600', 'Parliament', '0.7030', 18, 26, 26, 'Central African CFA franc (XAF)', 38280000000, 17212000000, '38.0000', 36787, 256974),
(21, 'The Gambia', 2174000, 1, '220', 'UTC  (GMT)', 'Africa', 10689, '11.5000', 'National Assembly', '0.4960', 19, 27, NULL, 'Dalasi (GMD)', 5420000000, 1810000000, '35.9000', NULL, NULL),
(22, 'Ghana', 31072900, 1, '233', 'UTC  (GMT)', 'Africa', 239567, '4.6100', 'Parliament', '0.6110', 20, 28, 28, 'Cedi (GHS)', 226000000000, NULL, '43.5000', 130727, 3367530),
(23, 'Guinea', 0, 1, '224', 'UTC  (GMT)', 'Africa', 245857, '4.6100', 'National Assembly', '0.4770', 21, 29, 29, 'Guinean franc (GNF)', 26451000000, 9183000000, '33.7000', 30709, 2364290),
(24, 'Guinea-Bissau', 0, 1, '245', 'UTC  (GMT)', 'Africa', 36125, '22.4000', 'National People\'s Assembly', '0.4800', 22, 30, 30, 'West African CFA franc (XOF)', 3391000000, 1480000000, '50.7000', 6431, 332497),
(25, 'Ivory Coast', 26378300, 1, '225', 'UTC  (GMT)', 'Africa', 322463, '1.4000', 'Parliament of Ivory Coast', '0.5380', 23, 31, 32, 'West African CFA franc (XOF)', 144497000000, 61502000000, '41.5000', NULL, NULL),
(26, 'Kenya', 54985700, 0, '254', 'UTC+3 (EAT)', 'Africa', 580367, '2.3000', 'Parliament', '0.6010', 24, 33, 33, 'Kenyan shilling (KES)', 250854000000, 109116000000, '40.8000', 254453, 6245700),
(27, 'Lesotho', 0, 0, '266', 'UTC+2 (South African Standard Time)', 'Africa', 30355, '0.0032', 'Parliament', '0.5270', 25, 34, 34, 'Loti (LSL)South African rand (ZAR)', 7448000000, 2721000000, '44.9000', 21457, 383341),
(28, 'Liberia', 5214030, 1, '231', 'UTC  (GMT)', 'Africa', 111369, '13.5140', 'Legislature of Liberia', '0.4800', 26, 35, 35, 'Liberian dollar (LRD)', 6468000000, 3221000000, '35.3000', 5818, 589628),
(29, 'Libya', 6992700, 1, '218', 'UTC+2 (EET)', 'Africa', 1759541, NULL, 'House of Representatives', '0.7240', 27, 36, 36, 'Libyan dinar (LYD)', 31531000000, 21805000000, NULL, 366789, 2178580),
(30, 'Madagascar', 28427300, 1, '261', 'UTC+3 (EAT)', 'Africa', 587041, NULL, 'Parliament', '0.5280', 28, 37, 37, 'Ariary (MGA)', 45948000000, 12734000000, '42.6000', 43672, 606819),
(31, 'Malawi', 19130000, 0, '265', 'UTC+2 (CAT)', 'Africa', 118484, '20.6000', 'National Assembly', '0.4830', 29, 38, 38, 'Malawian kwacha (D) (MWK)', 25037000000, 7436000000, '44.7000', 61854, 1327350),
(32, 'Mali', 20250800, 1, '223', 'UTC  (GMT)', 'Africa', 1240192, '1.6000', 'National Assembly', '0.4340', 30, 39, 39, 'West African CFA franc (XOF)', 44329000000, 17407000000, '33.0000', 16148, 596435),
(33, 'Mauritania', 0, 1, '222', 'UTC  (GMT)', 'Africa', 1030000, '0.0300', 'National Assembly', '0.5460', 31, 40, 40, 'Ouguiya (MRU)', 18117000000, 5200000000, '32.6000', 38440, 1715120),
(34, 'Mauritius', 0, 0, '230', 'UTC+4 (MUT)', 'Africa', 2040, '0.0700', 'National Assembly', '0.8040', 32, 41, 41, 'Mauritian rupee (MUR)', 31705000000, 14812000000, '36.8000', 18979, 1792250),
(35, 'Morocco', 37112100, 1, '212', 'UTC+1[12]', 'Africa', 710850, '0.0560', 'Parliament', '0.6860', NULL, 42, 43, 'Moroccan dirham (MAD)', 332358000000, 122458000000, '40.3000', 948539, 48561100),
(36, 'Mozambique', 30066600, 0, '258', 'UTC+2 (CAT)', 'Africa', 801590, '2.2000', 'Assembly of the Republic', '0.4560', 33, 44, 44, 'Metical (MZN)', 41473000000, 15372000000, '45.7000', 151472, 8891250),
(37, 'Namibia', 2550230, 0, '264', 'UTC+2 (CAST)', 'Africa', 825615, '2.2000', 'Parliament', '0.6460', 34, 45, 45, NULL, 23855000000, 10927000000, '59.1000', 129074, 630212),
(38, 'Niger', 24112800, 1, '227', 'UTC+1 (WAT)', 'Africa', 1267000, '0.0200', 'National Assembly', '0.3940', 35, 46, 46, 'West African CFA franc (XOF)', 23475000000, 9869000000, '34.0000', 6692, 963041),
(39, 'Nigeria', 211401000, 1, '234', 'UTC+01:00 (WAT)', 'Africa', 923769, '1.4000', 'National Assembly', '0.5390', 36, 47, 48, 'Naira (₦) (NGN)', 1116000000000, 514049000000, '35.1000', 213464, 9253700),
(40, 'Rwanda', 0, 1, '250', 'UTC+2 (CAT)', 'Africa', 26338, '5.3000', 'Parliament', '0.5430', 37, 49, 49, 'Rwandan franc (RWF)', 33455000000, 11061000000, '43.7000', 100190, 8084680),
(41, 'São Tomé and Príncipe', 0, 1, '239', 'UTC  (GMT)', 'Africa', 1001, NULL, 'National Assembly', '0.6250', 38, 50, 50, 'Dobra (STN)', 685000000, 355000000, '56.3000', NULL, NULL),
(42, 'Senegal', 0, 1, '221', 'UTC  (GMT)', 'Africa', 196712, '2.1000', 'National Assembly', '0.5120', 39, 51, 51, 'West African CFA franc (XOF)', 66438000000, 28020000000, '40.3000', 73875, 1961140),
(43, 'Seychelles', 98462, 0, '248', 'UTC+4 (SCT)', 'Africa', 459, '2.1000', 'National Assembly', '0.7960', 40, 52, 52, 'Seychellois rupee (SCR)', 2919000000, 1564000000, '46.8000', 22781, 175390),
(44, 'Sierra Leone', 0, 1, '232', 'UTC  (GMT)', 'Africa', 71740, '1.1000', NULL, '0.4520', 41, 53, 53, 'Leone (SLL)', 12177000000, 3824000000, '35.7000', 6398, 744826),
(45, 'Somalia', 15893200, 1, '252', 'UTC+3 (EAT)', 'Africa', 637657, NULL, 'Federal Parliament', '0.3610', 42, 54, 54, 'Somali shilling (SOS)', 13324000000, 5218000000, NULL, 22837, 964433),
(46, 'South Africa', 60143000, 0, '27', 'UTC+2 (SAST)', 'Africa', 1221037, '0.3800', 'Parliament', '0.7090', 43, 55, 56, 'South African rand (ZAR)', 862000000000, 415000000000, '63.0000', 2926910, 24346900),
(47, 'South Sudan', 0, 1, '211', 'UTC+2 (Central Africa Time)', 'Africa', 644329, NULL, 'Transitional National Legislature', '0.4330', 44, 57, 57, 'South Sudanese pound (SSP)', 18435000000, 3194000000, '44.1000', 12517, 151245),
(48, 'Sudan', 44909400, 1, '249', 'UTC+2 (CAT)', 'Africa', 1886068, NULL, 'Transitional Legislative Council', '0.5100', NULL, 58, 59, 'Sudanese pound (SDG)', 177678000000, 33903000000, '34.2000', 39839, 1659670),
(49, 'Tanzania', 61193200, 0, '255', 'UTC+3 (EAT)', 'Africa', 947303, '6.4000', 'National Assembly', '0.5290', 45, 60, 61, 'Tanzanian shilling (TZS)', 200144000000, 65632000000, '40.5000', 26154, 1001610),
(50, 'Togo', 8608440, 1, '228', 'UTC  (GMT)', 'Africa', 56785, '4.2000', 'National Assembly', '0.5150', 46, 62, 62, 'West African CFA franc (XOF)', 14919000000, 5592000000, '43.1000', 26133, 1453570),
(51, 'Tunisia', 11708400, 1, '216', 'UTC+1 (CET)', 'Africa', 163610, '5.0400', NULL, '0.7400', 47, 63, 63, 'Tunisian dinar (TND)', 159707000000, 44192000000, '35.8000', 715911, 9956930),
(52, 'Uganda', 0, 0, NULL, 'UTC+3 (EAT)', 'Africa', 241038, '15.3900', 'Parliament', '0.5440', 48, 64, 64, 'Ugandan shilling (UGX)', 102659000000, 30765000000, '42.0000', 126965, 4751420),
(53, 'Zambia', 0, 0, '260', 'UTC+2 (CAT)', 'Africa', 752617, '1.0000', 'National Assembly', '0.5840', 49, 65, 65, 'Zambian kwacha (ZMW)', 75857000000, 23946000000, '57.1000', 210036, 1012520),
(54, 'Zimbabwe', 0, 0, '263', 'UTC+2 (CAT[12])', 'Africa', 390757, '1.0000', 'Parliament', '0.5710', 50, 66, 66, 'Zimbabwean dollar', 41031000000, 22290000000, '50.3000', 133593, 6310430),
(55, 'Afghanistan', 32890200, 1, '93', 'UTC+4:30Solar Calendar (D†)', 'Asia', 652864, '1.0000', NULL, '0.5110', NULL, 67, 67, 'Afghani (افغانی) (AFN)', 72911000000, 21657000000, NULL, 156552, 4018200),
(56, 'Armenia', 2963900, 1, '374', 'UTC+4 (AMT)', 'Europe', 29743, '4.7100', 'National Assembly', '0.7760', 51, 68, 68, 'Dram (֏) (AMD)', 32893000000, 13444000000, '29.9000', 328963, 923530),
(57, 'Azerbaijan', 10130100, 1, '994', 'UTC+4 (AZT)', 'Europe', 86600, '1.6000', 'National Assembly', '0.7560', 52, 69, 69, 'Manat (₼) (AZN)', 189050000000, 45284000000, '33.7000', 568089, 10201500),
(58, 'Bahrain', 0, 1, '973', 'UTC+3 (AST)', 'Asia', 785, '1.6000', 'National Assembly', '0.8520', NULL, 70, 70, 'Bahraini dinar (BHD)', 78760000000, 41607000000, NULL, 277304, 2844920),
(59, 'Bangladesh', 0, 0, '880', 'UTC+6 (BST)', 'Asia', 148460, '6.4000', 'Jatiya Sangsad', '0.6320', 53, 71, 71, 'Taka (৳) (BDT)', 966485000000, 409000000000, '39.5000', 1573460, 86995200),
(60, 'Bhutan', 0, 0, '975', 'UTC+06 (BTT)', 'Asia', 38394, '1.1000', 'Parliament', '0.6540', NULL, 72, 72, 'Ngultrum (BTN) Indian rupee (₹) (INR)', 7701000000, 2547000000, '37.4000', 2621, 1148150),
(61, 'Brunei', 460345, 0, '673', 'UTC+8 (Brunei Darussalam Time)', 'Asia', 5765, '8.6000', 'Legislative Council', '0.8380', NULL, 73, 73, 'Brunei dollar (BND)', 36854000000, 13325000000, NULL, 14378, 699622),
(62, 'Cambodia', 0, 1, '855', 'UTC+7 (ICT)', 'Asia', 181035, '2.5000', 'Parliament', '0.5940', 54, 74, 74, 'Riel (៛) (KHR)', 76635000000, 26628000000, '36.0000', 119687, 28366700),
(63, 'China', 0, 1, NULL, 'UTC+8 (China Standard Time)', 'Asia', 9596961, '2.8000', 'National People\'s Congress', '0.7610', 55, 75, 76, 'Renminbi (元/¥)[h] (CNY)', 26660000000000, 16640000000000, '46.7000', 98480, 2409780000),
(64, 'Cyprus', 0, 0, '357', 'UTC+2 (EET)', 'Europe', 9251, '9.0000', 'House of Representatives', '0.8870', 56, 77, 77, 'Euro (€) (EUR)', NULL, NULL, '29.3000', 128038, 1249200),
(65, 'East Timor', 1340510, 0, '670', 'UTC+9 (TLT)', 'Asia', 15007, '9.0000', 'National Parliament', '0.6060', 57, 78, 78, 'United States dollarb (USD)', 5315000000, 1920000000, '28.7000', NULL, NULL),
(66, 'Georgia (country)', 3728570, 1, '995', 'UTC+4 (Georgia Time GET)', 'Europe', 69700, NULL, 'Parliament', '0.8120', 58, 79, 79, 'Georgian lari (₾) (GEL)', 46050000000, 17830000000, '35.9000', NULL, NULL),
(67, 'India', 0, 0, '91', 'UTC+05:30 (IST)', 'Asia', 3287263, '9.6000', 'Parliament', '0.6450', 59, 80, 81, 'Indian rupee (₹) (INR)', 10207000000000, 3050000000000, NULL, 34489600, 1148790000),
(68, 'Indonesia', 0, 0, '62', 'UTC+7 to +9 (various)', 'Asia', NULL, '4.8500', 'People\'s Consultative Assembly (MPR)', '0.7180', 60, 82, 82, 'Indonesian rupiah (Rp) (IDR)', 3507000000000, 1159000000000, '38.2000', 4252340, 218410000),
(69, 'Iran', 0, 1, '98', 'UTC+3:30 (IRST)', 'Asia', 1648195, '1.6300', 'Islamic Consultative Assembly', '0.7830', 61, 83, 83, 'Iranian rial (ریال) (IRR)', 1007000000000, 611000000000, '42.0000', 6031580, 98181400),
(70, 'Iraq', 40222500, 1, '964', 'UTC+3 (AST)', 'Asia', 438317, '4.6200', 'Council of Representatives', '0.6740', 62, 84, 84, 'Iraqi dinar (IQD)', 413316000000, 250070000000, '29.5000', 2070080, 10806000),
(71, 'Israel', 9431420, 1, '972', 'UTC+2 (IST)', 'Asia', 0, '2.7100', 'Knesset', '0.9190', 63, 85, 85, 'New shekel (₪) (ILS)', 372314000000, 410501000000, NULL, 1339260, 16063100),
(72, 'Japan', 125360000, 0, '81', 'UTC+09:00 (JST)', 'Asia', 377975, '1.4000', 'National Diet', '0.9190', NULL, 86, 86, 'Japanese yen (¥)', 5586000000000, 5378000000000, '33.4000', 1725460, 195490000),
(73, 'Jordan', 10658100, 1, '962', 'UTC+2 (EET)', 'Asia', 89342, '0.6000', 'Parliament', '0.7290', 64, 87, 87, 'Jordanian dinar (JOD)', 102158000000, 42609000000, NULL, 905738, 7728790),
(74, 'Kazakhstan', 18711600, 1, NULL, 'UTC+5 / +6 (West / East)', 'Europe', 2724900, '1.7000', 'Parliament', '0.8250', 65, 88, 89, 'Tenge (₸) (KZT)', NULL, NULL, '27.5000', 1043460, 16473600),
(75, 'North Korea', 0, 1, '850', 'UTC+9 (Pyongyang Time[15])', 'Asia', 120540, '0.1100', 'Supreme People\'s Assembly', NULL, 66, 90, 90, 'Korean People\'s won (₩) (KPW)', 40000000000, 30000000000, NULL, NULL, NULL),
(76, 'South Korea', 0, 1, '82', 'UTC+9 (Korea Standard Time)', 'Asia', 100363, '0.3000', 'National Assembly', '0.9160', 67, 91, 91, 'Korean Republic won (₩) (KRW)', 2436000000000, 1806000000000, '34.5000', 409099, 82645000),
(77, 'Kuwait', 0, 1, '965', 'UTC+3 (AST)', 'Asia', 17818, '0.3000', 'National Assembly', '0.8060', NULL, 92, 92, 'Kuwaiti dinar (KWD)', 303000000000, 118271000000, NULL, 406234, 2668080),
(78, 'Kyrgyzstan', 6586600, 1, '996', 'UTC+6 (KGT)', 'Asia', 199951, '3.6000', 'Supreme Council', '0.6970', 68, 93, 93, 'Kyrgyzstani som (c) (KGS)', 35324000000, 8455000000, '27.7000', 182667, 1907570),
(79, 'Laos', 0, 1, '856', 'UTC+7 (ICT)', 'Asia', 237955, '2.0000', 'National Assembly', '0.6130', 69, 94, 94, 'Kip (₭) (LAK)', 58329000000, 20153000000, '36.4000', 16365, 4402770),
(80, 'Lebanon', 0, 1, '961', 'UTC+2 (EET)', 'Asia', 10452, '1.8000', 'Parliament', '0.7440', 70, 95, 95, 'Lebanese pound (LBP)', 91000000000, 18000000000, '31.8000', 656192, 3490450),
(81, 'Malaysia', 32730000, 0, '60', 'UTC+8 (MST)', 'Asia', 330803, '0.3000', 'Parliament', '0.8100', NULL, 96, 97, 'Ringgit (RM) (MYR)', 900426000000, 336330000000, NULL, 2569530, 51489700),
(82, 'Maldives', 557426000000, 0, '960', 'UTC+5 (Maldives Time)', 'Asia', 300, NULL, 'People\'s Majlis', '0.7400', 71, 98, 98, NULL, 8972000000, 4536000000, '31.3000', 90117, 761976),
(83, 'Mongolia', 3353470, 1, '976', 'UTC+7/+8[12]', 'Asia', 1564116, '0.6700', 'State Great Khural', '0.7370', 72, 99, 99, 'Tögrög (MNT)', 47000000000, 13700000000, '32.7000', 376342, 4405030),
(84, 'Myanmar', 0, 1, '95', 'UTC+06:30 (MMT)', 'Asia', 676578, '3.0600', 'Assembly of the Union', '0.5830', 73, 100, 101, 'Kyat (K) (MMK)', NULL, NULL, '30.7000', 512548, 24253800),
(85, 'Nepal', 0, 0, '977', 'UTC+05:45 (Nepal Standard Time)', 'Asia', 147516, '2.8000', 'Federal Parliament', '0.6020', 74, 102, 102, 'Nepalese rupee (Rs, रू) (NPR)', NULL, NULL, NULL, 817672, 16536000),
(86, 'Oman', 0, 1, '968', 'UTC+4 (GST)', 'Asia', 309500, '2.8000', 'Council of Oman', '0.8130', NULL, 103, 103, 'Omani rial (OMR)', 203959000000, 62305000000, '30.7000', 304389, 5822660),
(87, 'Pakistan', 225200000, 0, '92', 'UTC+05:00 (PKT)', 'Asia', 881913, '2.8600', 'Parliament', '0.5570', 75, 104, 105, 'Pakistani rupee (₨) (PKR)', 1110000000000, 296000000000, '31.6000', 1281240, 120234000),
(88, 'Philippines', 0, 1, '63', 'UTC+08:00 (PST)', 'Asia', 300000, '0.6100', 'Congress', '0.7180', 76, 106, 107, 'Philippine peso (₱) (PHP)', 1000000000000, 402638000000, '42.3000', 2820490, 72763400),
(89, 'Qatar', 2795480, 1, '974', 'UTC+3 (AST)', 'Asia', 11581, '0.8000', 'Consultative Assembly', '0.8480', NULL, 108, 108, 'Qatari riyal (QAR)', 357338000000, 183807000000, '41.1000', 241672, 4901130),
(90, 'Russia', 146171000, 1, '7', 'UTC+2 to +12', 'Europe', 17098246, '13.0000', 'Federal Assembly', '0.8240', 77, 109, 109, 'Russian ruble (₽) (RUB)', 4328000000000, 1710000000000, '37.5000', 9063320, 117353000),
(91, 'Saudi Arabia', 0, 1, '966', 'UTC+3 (AST)', 'Asia', 2149690, '0.7000', 'none[b]', '0.8540', NULL, 110, 110, 'Saudi Riyal (SR) (SAR)', 1924000000000, 779289000000, '45.9000', 549377, 46959500),
(92, 'Singapore', 5453600, 0, '65', 'UTC+8 (Singapore Standard Time)', 'Asia', 729, NULL, 'Parliament', '0.9380', NULL, NULL, NULL, 'Singapore dollar (S$) (SGD)', NULL, NULL, '45.9000', 212745, 10083300),
(93, 'Sri Lanka', 22156000, 0, '94', 'UTC+5:30 (SLST)', 'Asia', 65610, '4.4000', 'Parliament', '0.7820', 78, 111, 112, 'Sri Lankan rupee (Rs) (LKR)', NULL, NULL, '39.8000', 554459, 29583100),
(94, 'Syria', 17500700, 1, '963', 'UTC+2 (EET)', 'Asia', 185180, '1.1000', 'People\'s Council', '0.5670', 79, 113, 113, 'Syrian pound (SYP)', 50280000000, 24600000000, '55.8000', 46421, 1342360),
(95, 'Tajikistan', 9537640, 1, '992', 'UTC+5 (TJT)', 'Asia', 143100, '1.8000', 'Supreme Assembly', '0.6680', 80, 114, 114, 'Somoni (TJS)', 30547000000, 7350000000, '34.0000', 17488, 5059320),
(96, 'Thailand', 69950800, 0, '66', 'UTC+7 (ICT)', 'Asia', 513120, '0.4000', 'National Assembly', '0.7770', 81, 115, 115, 'Baht (฿) (THB)', 1340000000000, 536841000000, '34.9000', 2044120, 86890800),
(97, 'Turkey', 83614400, 1, '90', 'UTC+3 (TRT)', 'Europe', 783356, '2.0300', 'Grand National Assembly', '0.8200', 82, 116, 117, 'Turkish lira (₺) (TRY)', NULL, NULL, '41.9000', 8505190, 119030000),
(98, 'Turkmenistan', 6031190, 1, '993', 'UTC+05 (TMT)', 'Asia', 491210, '4.9000', 'National Council[9]', '0.7150', 83, 118, 118, 'Turkmenistan manat (TMT)', 112659000000, 42764000000, '40.8000', NULL, NULL),
(99, 'United Arab Emirates', 9890400, 1, '971', 'UTC+04:00 (United Arab Emirates Standard Time)', 'Asia', 83600, '4.9000', 'Federal National Council', '0.8900', 84, 119, 120, 'UAE dirham (AED)', 647650000000, 410214000000, '32.5000', 741006, 21548500),
(100, 'Uzbekistan', 35011200, 1, '998', 'UTC+5 (UZT)', 'Asia', 448978, '4.9000', 'Oliy Majlis', '0.7200', 85, 121, 121, 'Uzbek som (UZS)', 275806000000, 60490000000, '36.7000', 190584, 30592200),
(101, 'Vietnam', 0, 1, '84', 'UTC+07:00 (Vietnam Standard Time)', 'Asia', 331699, '6.3800', 'National Assembly', '0.7040', 86, 122, 123, 'đồng (₫) (VND)', NULL, NULL, '35.7000', 1055250, 103573000),
(102, 'Yemen', 30491000, 1, '967', 'UTC+3 (AST)', 'Asia', 555000, '6.3800', NULL, '0.4700', 87, 124, 124, 'Yemeni rial (YER)', 73348000000, 28524000000, '36.7000', 9947, 754397),
(103, 'Antigua and Barbuda', 97000, 0, NULL, 'UTC-4 (AST)', 'North America', 440, '6.3800', 'Parliament', '0.7780', 88, 127, 127, 'East Caribbean dollar (XCD)', 2731000000, 1717000000, NULL, 4122, 115487),
(104, 'The Bahamas', 0, 0, NULL, 'UTC−5 (EST)', 'North America', 13878, '28.0000', 'Parliament', '0.8140', 88, 128, 128, 'Bahamian dollar (BSD)', 12612000000, 12803000000, NULL, NULL, NULL),
(105, 'Barbados', 0, 0, NULL, 'UTC−4 (AST)', 'North America', 439, NULL, 'Parliament', '0.8140', 88, 129, 129, 'Barbadian dollar ($) (BBD)', 5398000000, 5207000000, NULL, 22639, 285379),
(106, 'Belize', 419199, 1, '501', 'UTC-6 (CST (GMT-6)[11])', 'North America', 22966, '0.8000', 'National Assembly', '0.7160', 88, 130, 131, 'Belize dollar (BZD)', 3484000000, 1987000000, NULL, 28899, 398131),
(107, 'Canada', 38246100, 1, '1', 'UTC−3.5 to −8', 'North America', 9984670, '11.7600', 'Parliament', '0.9290', 88, 132, 133, 'Canadian dollar ($) (CAD)', NULL, NULL, '30.3000', 1767960, 59852600),
(108, 'Costa Rica', 5094120, 1, '506', 'UTC−6 (CST)', 'North America', 51100, '1.0500', 'Legislative Assembly', '0.8100', 93, 134, 134, 'Costa Rican colón (CRC)', 95791000000, 65179000000, '49.7000', 564662, 6878080),
(109, 'Cuba', 0, 1, '53', 'UTC−5 (CST)', 'North America', 109884, '0.0000', 'National Assembly of People\'s Power', '0.7830', 94, 135, 135, 'Cuban peso (CUP)', 254865000000, 105355000000, '38.0000', 959307, 27670200),
(110, 'Dominica', 0, 0, NULL, 'UTC–4 (AST)', 'North America', 750, '1.6000', 'House of Assembly of Dominica', '0.7420', 95, 136, 136, 'East Caribbean dollar (XCD)', 688000000, 485000000, NULL, 5235, 53955),
(111, 'Dominican Republic', 0, 1, NULL, 'UTC  – 4:00[4] (Atlantic Standard Time)', 'North America', 48671, '0.7000', 'Congress', '0.7560', 96, 137, 137, 'Dominican peso[5] (DOP)', 215999000000, 96291000000, '43.7000', 398880, 13645400),
(112, 'El Salvador', 6830000, 1, '503', 'UTC−6 (CST)', 'North America', 21041, '1.5000', 'Legislative Assembly', '0.6730', 97, 138, 138, NULL, 53667000000, 25855000000, '38.8000', 118041, 8946050),
(113, 'Grenada', 0, 0, NULL, 'UTC−4 (AST)', 'North America', 349, '1.6000', 'Parliament', '0.7790', 88, 139, 139, 'East Caribbean dollar (XCD)', 1801000000, 1249000000, NULL, 5863, 72282),
(114, 'Guatemala', 0, 1, '502', 'UTC−6 (CST)', 'North America', 108889, '0.4000', 'Congress of the Republic', '0.6630', 99, 140, 140, 'Quetzal (GTQ)', 145249000000, 79109000000, '48.3000', 611374, 9353920),
(115, 'Haiti', 0, 1, '509', 'UTC−5 (EST)', 'North America', 27750, '0.7000', 'Parliament', '0.5100', 100, 141, 141, 'Gourde (G) (HTG)', 34189000000, 22431000000, '41.1000', 24543, 153182),
(116, 'Honduras', 0, 1, '504', 'UTC−6 (CST)', 'North America', 112492, NULL, 'National Congress', '0.6320', 101, 142, 142, 'Lempira (HNL)', 49010000000, 23835000000, '52.1000', 376841, 7584430),
(117, 'Jamaica', 0, 0, NULL, 'UTC-5', 'North America', 10991, '1.5000', 'Parliament', '0.7340', 88, 143, 143, 'Jamaican dollar (JMD)', 26981000000, 15424000000, NULL, 90467, 1063640),
(118, 'Mexico', 0, 1, '52', 'UTC−8 to −5 (See Time in Mexico)', 'North America', 1972550, '1.5800', 'Congress', '0.7790', 103, 144, 144, 'Mexican peso (MXN)', 2715000000000, 1322000000000, '41.8000', 3854990, 130245000),
(119, 'Nicaragua', 0, 1, '505', 'UTC−6 (CST)', 'North America', 130375, '7.1400', 'National Assembly', '0.6600', 104, 145, 145, 'Córdoba (NIO)', 35757000000, 13380000000, '46.2000', 16699, 1674900),
(120, 'Panama', 4379040, 1, '507', 'UTC−5 (EST)', 'North America', 75417, '2.9000', 'National Assembly', '0.8150', 105, 146, 146, 'Balboa (PAB)United States dollar (USD)', 121749000000, 73369000000, '49.9000', 475369, 5538020),
(121, 'Saint Kitts and Nevis', 0, 0, NULL, 'UTC-4 (AST)', 'North America', 261, NULL, 'National Assembly', '0.7790', 88, 147, 147, 'East Caribbean dollar (EC$) (XCD)', 1758000000, 1058000000, NULL, 2736, 50872),
(122, 'Saint Lucia', 184401, 0, NULL, 'UTC−4 (AST)', 'North America', 617, '1.6000', 'Parliament', '0.7590', 88, 148, 148, 'East Caribbean dollar (XCD)', 2480000000, 1770000000, '51.2000', 12872, 98111),
(123, 'Saint Vincent and the Grenadines', 0, 0, NULL, 'UTC-4 (AST)', 'North America', 389, '1.6000', 'House of Assembly', '0.7380', 88, 149, 149, 'East Caribbean dollar (XCD)', 1373000000, 864000000, NULL, 5326, 49816),
(124, 'Trinidad and Tobago', 1367560, 0, NULL, 'UTC-4 (AST)', 'North America', 5131, '1.6000', 'Parliament', '0.7960', 109, 150, 151, 'Trinidad and Tobago dollar (TTD)', 45148000000, 22438000000, '39.0000', 64402, 1267310),
(125, 'United States', 0, 1, '1', 'UTC−4 to −12, +10, +11', 'North America', NULL, '4.6600', 'Congress', '0.9260', 110, 152, 153, 'U.S. dollar ($) (USD)', 3796742, 3531905, '48.5000', 47531300, 446250000),
(126, 'Argentina', 45605800, 1, '54', 'UTC−3 (ART)', 'South America', 2780400, '1.5700', 'National Congress', '0.8450', 111, 154, 154, 'Argentine peso ($) (ARS)', 1033000000000, 444458000000, '42.9000', 5310330, 64965100),
(127, 'Bolivia', 0, 1, '591', 'UTC−4 (BOT)', 'South America', 1098581, '1.2900', 'Plurinational Legislative Assembly', '0.7180', 112, 155, 156, 'Boliviano (BOB)', 89018000000, 40687000000, '41.6000', 521518, 8041450),
(128, 'Brazil', 0, 1, '55', 'UTC−2 to −5 (BRT)', 'South America', 8515767, '0.6500', 'National Congress', '0.7650', 113, 157, 158, 'Real (R$) (BRL)', 3328000000000, 1491000000000, '53.4000', 21977700, 297960000),
(129, 'Chile', 0, 1, '56', 'UTC−4 and −6 (CLT and EASTc)', 'South America', 756096, '2.1000', 'National Congress', '0.8510', 114, 159, 159, 'Chilean peso (CLP)', 456394000000, 245414000000, NULL, 1732580, 39642300),
(130, 'Colombia', 50372400, 1, '57', 'UTC−5[b] (COT)', 'South America', 1141748, '2.1000', 'Congress', '0.7670', 115, 160, 160, 'Colombian peso (COP)', 827662000000, 343177000000, '51.3000', 5036290, 52322700),
(131, 'Ecuador', 17715800, 1, '593', 'UTC−5 / −6 (ECT / GALT)', 'South America', 283561, '5.0000', 'National Assembly', '0.7590', 116, 161, 161, 'United States dollarb (USD)', 202043000000, 106289000000, '45.4000', 519560, 23103200),
(132, 'Guyana', 0, 0, '592', 'UTC-4 (AST)', 'South America', 214970, '8.4000', 'National Assembly', '0.6820', 117, 162, 162, 'Guyanese dollar (GYD)', 18357000000, 7255000000, '44.6000', 36999, 658206),
(133, 'Paraguay', 7359000, 1, '595', 'UTC–4 (PYT)', 'South America', 406796, '2.6000', 'Congress', '0.7280', 118, 163, 163, 'Guaraní (PYG)', 101075000000, 44557000000, '46.2000', 461624, 5746120),
(134, 'Peru', 34294200, 1, '51', 'UTC−5 (PET)', 'South America', 1285216, '0.4100', 'Congress of the Republic', '0.7770', 119, 164, 164, 'Sol (PEN)', NULL, NULL, '41.5000', 2218200, 38570900),
(135, 'Suriname', 0, 0, '597', 'UTC-3 (SRT)', 'South America', 163821, '1.1000', 'National Assembly', '0.7380', 120, 165, 165, 'Surinamese dollar (SRD)', 9044000000, 4110000000, NULL, 50356, 468275),
(136, 'Uruguay', 0, 1, '598', 'UTC−3 (UYT)', 'South America', 176215, '1.5000', 'General Assembly', '0.8170', 121, 166, 166, 'Uruguayan peso (UYU)', 86562000000, 62917000000, '39.7000', 397318, 6710410),
(137, 'Venezuela', 0, 1, '58', 'UTC−4 (VET)', 'South America', 916445, '3.2000', 'National Assembly', '0.7110', 122, 167, 167, 'Bolívar digital (VED)', NULL, NULL, '44.8000', 411574, 23156900),
(138, 'Albania', 2845960, 1, '355', 'UTC+1 (CET)', 'Europe', 28748, '4.7000', 'Kuvendi', '0.7950', 123, 168, 168, 'Lek (ALL)', 42594000000, 16753000000, '34.3000', 194472, 2025560),
(139, 'Andorra', 77543, 1, '376', 'UTC+01 (CET)', 'Europe', 468, '0.2600', 'General Council', '0.8680', NULL, 169, 169, 'Euro (€)[e] (EUR)', 3237000000, NULL, '27.2000', 15516, 104534),
(140, 'Austria', 8935110, 1, '43', 'UTC+1 (CET)', 'Europe', 83879, '0.8400', 'Parliament', '0.9220', 124, 170, 170, 'Euro (€) (EUR)', 461432000000, 446315000000000, '27.0000', 996320, 12531400),
(141, 'Belarus', 9349640, 1, '375', 'UTC+3 (MSK[9])', 'Europe', 207595, '1.4000', 'National Assembly', '0.8230', 125, 171, 171, 'Belarusian ruble (BYN)', NULL, NULL, '25.3000', 627478, 5685090),
(142, 'Belgium', 11492600, 1, '32', 'UTC+1 (CET)', 'Europe', 30689, '0.7100', 'Federal Parliament', '0.9190', 126, 172, 172, 'Euro (€) (EUR)', 575808000000, 503416000000, '25.4000', 1543300, 17013400),
(143, 'Bosnia and Herzegovina', 3824780, 1, '387', 'UTC+01 (CET)', 'Europe', 51129, '1.4000', 'Parliamentary Assembly', '0.7800', NULL, 173, 173, 'Convertible mark (BAM)', 51996000000, NULL, '32.7000', 257401, 1553870),
(144, 'Bulgaria', 6875040, 1, '359', 'UTC+2 (EET)', 'Europe', 110994, '2.1600', 'National Assembly', '0.8160', 127, 174, 174, 'Lev (BGN)', NULL, NULL, NULL, 668363, 3152490),
(145, 'Croatia', 3901160, 1, '385', 'UTC+1 (CET)', 'Europe', 56594, '1.0900', 'Croatian Parliament', '0.8510', 128, 175, 175, 'Kuna (HRK)', 124000000000, 63000000000, '28.3000', 551000, 3931770),
(146, 'Czech Republic', 10701800, 1, NULL, 'UTC+1 (CET)', 'Europe', 78871, '2.1200', 'Parliament', '0.9000', 129, 176, 176, 'Czech koruna (CZK)', NULL, NULL, '24.0000', NULL, NULL),
(147, 'Denmark', 5850190, 1, NULL, 'UTC+1 (CET)', 'Europe', NULL, '1.7400', 'Folketing', '0.9400', 130, 177, 177, 'Danish krone[N 9] (DKK)', 299000000000, 370000000000, '27.3000', 438938, 8920420),
(148, 'Estonia', 1330070, 1, '372', 'UTC+02:00 (EET)', 'Europe', 45339, '5.1600', 'Riigikogu', '0.8920', 131, 178, 178, 'Euro (€) (EUR)', 49644000000, 34970000000, '30.5000', 214496, 1464120),
(149, 'Finland', 5536150, 1, '358', 'UTC+2 (EET)', 'Europe', 338455, '9.7100', 'Parliament', '0.9380', 132, 179, 179, 'Euro (€) (EUR)', 257000000000, 277000000000, '26.2000', 173632, 8238090),
(150, 'France', 67413000, 1, '33', 'UTC+1 (Central European Time)', 'Europe', 640679, '0.8600', 'Parliament', '0.9010', 133, 180, 180, 'Euro (€) (EUR)[VII]CFP franc (XPF)[VIII]', NULL, 2938000000000, '29.2000', 7433540, 101989000),
(151, 'Germany', 83190600, 1, NULL, 'UTC+1 (CET)', 'Europe', 357022, '1.2700', NULL, '0.9470', 134, 181, 181, 'Euro (€) (EUR)', 4743000000000, 4319000000000, '29.7000', 5213190, 116201000),
(152, 'Greece', 10718600, 1, '30', 'UTC+02:00 (EET)', 'Europe', 131957, '1.5100', 'Hellenic Parliament', '0.8880', 135, 182, 182, 'Euro (€) (EUR)', 339668000000, 211645000000, '31.4000', 861117, 13479400),
(153, 'Hungary', 9730000, 1, '36', 'UTC+1 (CET)', 'Europe', 93030, '3.7000', 'National Assembly', '0.8540', 136, 183, 183, 'Forint (HUF)', 359901000000, 180959000000, '28.3000', 960844, 13230800),
(154, 'Iceland', 371580, 1, '354', 'UTC[c] (GMT/WET)', 'Europe', 102775, '2.0700', 'Althing', '0.9490', 137, 184, 184, 'Icelandic króna (ISK)', 19800000000, 20800000000, '23.2000', 16243, 608236),
(155, 'Republic of Ireland', 5011500, 0, '353', 'UTC  (GMT)', 'Europe', 70273, '2.0000', 'Oireachtas', '0.9550', 138, 185, 185, 'Euro (€)[note 1] (EUR)', NULL, NULL, '28.3000', NULL, NULL),
(156, 'Italy', 60317100, 1, '+39c', 'UTC+1 (CET)', 'Europe', 301340, '1.2400', 'Parliament', '0.8920', 139, 186, 186, 'Euro (€)b (EUR)', 2610000000000, 2106000000000, '32.8000', 4893890, 93003800),
(157, 'Latvia', 1907680, 1, '371', 'UTC+2 (EET)', 'Europe', 64589, '2.0900', 'Saeima', '0.8660', 140, 187, 187, 'Euro (€) (EUR)', 63539000000, 37720000000, '35.2000', 243340, 2120900),
(158, 'Liechtenstein', 38896, 1, '423', 'UTC+01:00 (CET)', 'Europe', 160, '2.7000', 'Landtag', '0.9190', 141, 188, 189, 'Swiss franc (CHF)', 5300000000, 5155000000, NULL, 4003, 49575),
(159, 'Lithuania', 2784280, 1, '370', 'UTC+2 (EET)', 'Europe', 65300, '1.9800', 'Seimas', '0.8820', 142, 190, 190, 'Euro (€) (EUR)', 107000000000, 56000000000, '35.4000', 448304, 3532600),
(160, 'Luxembourg', 633622, 1, '352', 'UTC+1 (CET)', 'Europe', 2586, '0.2300', 'Chamber of Deputies', '0.9160', 143, 191, 191, 'Euro (€) (EUR)', 66848000000, 69453000000, '32.3000', 84248, 859517),
(161, 'Malta', 0, 0, '356', 'UTC+1 (Central European Time)', 'Europe', 316, '0.0010', 'Parliament of Malta', '0.8950', 144, 192, 193, 'Euro (€) (EUR)', NULL, 15134000000, '28.0000', 38383, 918309),
(162, 'Moldova', 2597100, 1, '373', 'UTC+2 (EET)', 'Europe', NULL, '1.4000', 'Parliament', '0.7500', 145, 194, 194, 'Moldovan leu (MDL)', NULL, 12396000000000, '25.7000', 356448, 1583940),
(163, 'Monaco', 0, 1, '377', 'UTC+1 (CET)', 'Europe', 2, NULL, 'National Council', NULL, 146, 195, 195, 'Euro (€) (EUR)', 7672000000, 7185000000, NULL, 3288, 49980),
(164, 'Montenegro', 621873, 1, '382', 'UTC+1 (CET)', 'Europe', 13812, '2.6000', 'Skupština', '0.8290', 147, 196, 196, 'Euro (€)a (EUR)', 11994000000, 4790000000, '34.1000', 153743, 518578),
(165, 'Kingdom of the Netherlands', 0, 1, NULL, 'UTC-4 (CET (UTC+1)AST)', 'Europe', 42531, '18.9600', NULL, NULL, 148, 197, 197, NULL, NULL, NULL, NULL, NULL, NULL),
(166, 'North Macedonia', 0, 1, '389', 'UTC+1 (CET)', 'Europe', 25713, '1.9000', 'Assembly', '0.7740', 149, 198, 198, 'Macedonian denar (MKD)', 33822000000, 12383000000, '30.7000', 209971, 1657830),
(167, 'Norway', 5402170, 1, '47', 'UTC+1 (CET)', 'Europe', 385207, '5.3200', NULL, '0.9570', 150, 199, 199, 'Norwegian krone (NOK)', 350000000000, 366000000000, '25.4000', 235314, 8010880),
(168, 'Poland', 38268000, 1, '48', 'UTC+1 (CET)', 'Europe', 312696, '1.4800', 'Parliament', '0.8800', 151, 200, 200, 'Złoty (PLN)', 1412000000000, 655000000000, '28.5000', 3254880, 40203200),
(169, 'Portugal', 0, 1, '351', 'UTC  (WET) UTC−1 (Atlantic/Azores)', 'Europe', 92212, '1.2000', 'Assembly of the Republic', '0.8640', 152, 201, 201, 'Euro (€) (EUR)', NULL, NULL, '31.9000', 1108460, 16308400),
(170, 'Romania', 19186200, 1, '40', 'UTC+2 (EET)', 'Europe', 238397, '3.0000', 'Parliament', '0.8280', 153, 202, 202, 'Romanian leu (RON)', 653903000000, 289130000000, '33.8000', 1752100, 14071400),
(171, 'San Marino', 33600, 1, NULL, 'UTC+01 (CET)', 'Europe', 61, '0.0000', 'Grand and General Council', '0.0000', NULL, 203, 204, 'Euro (€) (EUR)', 2090000000, 1550000000, NULL, 5588, 47619),
(172, 'Serbia', 6871550, 1, '381', 'UTC+1 (CET)', 'Europe', NULL, NULL, 'National Assembly', '0.8060', 154, 205, 205, 'Serbian dinar (RSD)', 130600000000, NULL, '33.3000', 1211160, 7481250),
(173, 'Slovakia', 5464060, 1, '421', 'UTC+1 (CET)', 'Europe', 49035, '0.7200', 'National Council', '0.8600', 155, 206, 206, 'Euro (€) (EUR)', 190277000000, 117664000000, '22.8000', 1041000, 4886010),
(174, 'Slovenia', 2107130, 1, '386', 'UTC+1 (CET)', 'Europe', 20271, '0.7000', 'Parliament', '0.9170', 156, 207, 207, 'Euro (€) (EUR)', 909000000000, 609000000000, '23.5000', 388011, 2349760),
(175, 'Spain', 0, 1, '34', 'UTC⁠±0 to +1 (WET and CET)', 'Europe', 505990, '0.8900', 'Cortes Generales', '0.9040', 157, 208, 208, 'Euro[f] (€) (EUR)', NULL, NULL, '33.0000', 5067710, 74502100),
(176, 'Sweden', 10402100, 1, '46', 'UTC+1 (CET)', 'Europe', 450295, '8.3700', 'Riksdag', '0.9450', 158, 209, 209, 'Swedish krona (SEK)', 563882000000, 528929000000, '26.9000', 1187610, 15172100),
(177, 'Switzerland', 0, 1, '41', 'UTC+1 (CET)', 'Europe', 41285, '4.3400', 'Federal Assembly', '0.9550', NULL, 210, 210, 'Swiss franc (CHF)', NULL, NULL, '29.7000', 929031, 11451600),
(178, 'Ukraine', 41342500, 1, '380', 'UTC+2[10] (EET)', 'Europe', 603628, '7.0000', 'Verkhovna Rada', '0.7790', 159, 211, 211, 'Hryvnia (₴) (UAH)', 584000000000, 184000000000, '26.6000', 3440600, 22106000),
(179, 'United Kingdom', 67081000, 0, '44', 'UTC  (Greenwich Mean Time, WET)', 'Europe', 242495, '1.5100', 'Parliament', '0.9320', 88, 212, 212, 'Pound sterling[f] (GBP)', NULL, NULL, '36.6000', 9724620, 110646000),
(180, 'Vatican City', 0, 1, '379', 'UTC+1 (CET)', 'Europe', 0, NULL, 'Pontifical Commission', NULL, NULL, NULL, NULL, 'Euro (€) (EUR)', NULL, NULL, NULL, NULL, NULL),
(181, 'Australia', 25900300, 0, '61', 'UTC+8; +9.5; +10 (Various[N 4])', 'Australia', 7692024, '1.7900', 'Parliament', '0.9440', 88, 213, 214, 'Australian dollar ($) (AUD)', 1427000000000, 1611000000000, '32.5000', 195617, 38228400),
(182, 'Federated States of Micronesia', 0, 1, '691', 'UTC+10 and +11', 'Australia', 702, '1.7900', 'Congress', '0.6200', 163, 215, 216, 'United States dollar (USD)', 367000000, 383000000, '40.1000', NULL, NULL),
(183, 'Fiji', 0, 0, '679', 'UTC+12 (FJT)', 'Australia', 18274, '1.7900', 'Parliament', '0.7430', 164, 217, 217, 'Fijian dollar (FJD)', 9112000000, 5223000000, '36.4000', 52429, 1208820),
(184, 'Kiribati', 119940, 0, '686', 'UTC+12, +13, +14', 'Australia', 811, NULL, 'House of Assembly', '0.6300', 165, 218, 218, 'Australian dollar[10] (AUD)', 255000000, 187000000, NULL, 2, 72912),
(185, 'Marshall Islands', 0, 1, '692', 'UTC+12 (MHT)', 'Australia', 181, '0.0000', 'Nitijela', '0.7040', 166, 219, 219, 'United States dollar (USD)', 215000000, 220000000, NULL, NULL, NULL),
(186, 'Nauru', 0, 0, '674', 'UTC+12[8]', 'Australia', 21, '0.5700', 'Parliament', NULL, 167, 220, 221, 'Australian dollar (AUD)', 160000000, 114000000, NULL, NULL, NULL),
(187, 'New Zealand', 5135300, 0, '64', 'UTC+12 (NZST[n 5])', 'Australia', 268021, '1.6000', 'Parliament(House of Representatives)', '0.9310', 88, 222, 223, 'New Zealand dollar ($) (NZD)', 226566000000, 243332000000, '33.9000', 9653, 7296950),
(188, 'Palau', 0, 1, '680', 'UTC+9 (PWT)', 'Australia', 459, '1.6000', 'Olbiil era Kelulau', '0.8260', 169, 224, 225, 'United States dollar (USD)', 300000000, 322000000, NULL, NULL, NULL),
(189, 'Papua New Guinea', 8935000, 0, '675', 'UTC+10, +11 (AEST)', 'Australia', 462840, '2.0000', 'National Parliament', '0.5550', 88, 226, 226, 'Kina (PGK)', 32382000000, 21543000000, '41.9000', 31479, 337131),
(190, 'Samoa', 0, 0, '685', 'UTC+13c (WST)', 'Australia', 2842, '0.3000', 'Legislative Assembly', '0.7150', NULL, 227, 227, 'Tālā (WS$b) (WST)', 1188000000, 881000000, '38.7000', 3, 223504),
(191, 'Solomon Islands', 0, 0, '677', 'UTC+11', 'Australia', 28400, '3.2000', 'National Parliament', '0.5670', 88, 228, 228, 'Solomon Islands dollar (SBD)', 1479000000, 1511000000, '37.1000', 20, 171562),
(192, 'Tonga', 0, 0, '676', 'UTC+13', 'Australia', 748, '4.0000', 'Legislative Assembly', '0.7250', 172, 229, 229, 'Paʻanga (TOP)', 655000000, 493000000, '37.6000', 1, 102568),
(193, 'Tuvalu', 0, 0, '688', 'UTC+12', 'Australia', 26, '4.0000', 'Parliament', NULL, 88, 230, 230, NULL, 39000000, 45000000, '39.1000', NULL, NULL),
(194, 'Vanuatu', 307815, 1, '678', 'UTC+11 (VUT (Vanuatu Time))', 'Australia', 12189, NULL, 'Parliament', '0.6090', 174, 231, 231, 'Vatu (VUV)', 820000000, 957000000, '37.6000', 6, 122867);

-- --------------------------------------------------------

--
-- Table structure for table `Official Languages`
--

CREATE TABLE `Official Languages` (
  `CountryID` int NOT NULL,
  `Language` varchar(250) CHARACTER SET utf8mb4 COLLATE utf8mb4_0900_ai_ci NOT NULL
) ENGINE=InnoDB DEFAULT CHARSET=utf8mb4 COLLATE=utf8mb4_0900_ai_ci;

--
-- Dumping data for table `Official Languages`
--

INSERT INTO `Official Languages` (`CountryID`, `Language`) VALUES
(1, 'Arabic'),
(2, 'Portuguese'),
(3, 'French'),
(4, 'Setswana'),
(5, 'French'),
(6, 'English'),
(6, 'French'),
(6, 'Kirundi (national language)'),
(7, 'French'),
(8, 'Portuguese'),
(9, 'French'),
(10, 'Arabic • '),
(10, 'French'),
(11, 'Arabic'),
(11, 'Comorian'),
(11, 'French'),
(12, 'French'),
(13, 'French'),
(14, 'Arabic'),
(14, 'French'),
(15, 'Arabic'),
(16, 'Spanish'),
(17, 'None'),
(18, 'English'),
(18, 'Swazi'),
(19, 'Afar  '),
(19, 'Amharic  '),
(19, 'Oromo  '),
(19, 'Somali  '),
(19, 'Tigrinya'),
(20, 'French'),
(21, 'English'),
(22, 'English'),
(23, 'French'),
(24, 'Portuguese'),
(25, 'French'),
(26, 'English'),
(26, 'Swahili'),
(27, 'English'),
(27, 'Sesotho'),
(28, 'English'),
(29, 'Arabic'),
(30, 'French'),
(30, 'Malagasy'),
(31, 'Chewa'),
(31, 'English'),
(32, 'French'),
(33, 'Arabic'),
(34, 'English (de facto) '),
(34, 'French (de facto)'),
(34, 'None (de jure) '),
(35, 'Arabic'),
(35, 'Berber'),
(36, 'Portuguese'),
(37, 'English'),
(38, 'French'),
(39, 'English'),
(40, 'English'),
(40, 'French'),
(40, 'Kinyarwanda'),
(40, 'Swahili'),
(41, 'Portuguese'),
(42, 'French'),
(43, 'Creole'),
(43, 'English'),
(43, 'French'),
(43, 'Seychellois '),
(44, 'English'),
(45, 'Somali'),
(47, 'English'),
(48, 'Arabic'),
(48, 'English'),
(49, 'English'),
(49, 'Swahili'),
(50, 'French'),
(51, 'Arabic'),
(52, 'English'),
(52, 'Swahili'),
(53, 'English'),
(55, ''),
(56, 'Armenian'),
(57, 'Azerbaijani'),
(58, 'Arabic'),
(59, 'Bengali'),
(60, 'Dzongkha'),
(61, 'Malay'),
(62, 'Khmer'),
(63, 'Chinese'),
(63, 'Standard '),
(64, 'Greek'),
(64, 'Turkish'),
(65, 'Portuguese'),
(66, 'A'),
(66, 'Abkhazian '),
(66, 'Abkhazian ('),
(66, 'Georgian (nationwide)'),
(66, 'R)'),
(67, 'English'),
(67, 'Hindi'),
(68, 'Indonesian'),
(69, 'Persian'),
(70, 'Arabic'),
(70, 'Kurdish'),
(71, 'Hebrew'),
(72, ''),
(73, 'Arabic'),
(74, 'Kazakh'),
(75, 'Korean ('),
(75, 'Munhwaŏ)'),
(76, 'Korean '),
(76, 'Korean ('),
(76, 'Language'),
(76, 'Pyojuneo)'),
(76, 'Sign '),
(77, 'Arabic'),
(78, 'Kyrgyz'),
(78, 'Russian'),
(79, 'Lao'),
(80, 'Arabic'),
(81, 'Malaysian'),
(82, 'Dhivehi'),
(83, 'Mongolian'),
(84, 'Burmese'),
(85, 'Nepali'),
(86, 'Arabic'),
(87, 'English'),
(87, 'Urdu'),
(88, 'English'),
(88, 'Filipino'),
(89, 'Arabic'),
(90, 'Russian'),
(91, 'Arabic'),
(92, 'English'),
(92, 'Malay'),
(92, 'Mandarin'),
(92, 'Tamil'),
(93, 'Sinhala'),
(93, 'Tamil'),
(94, 'Arabic'),
(95, 'Tajik'),
(96, 'Thai'),
(97, 'Turkish'),
(98, 'Turkmen'),
(99, 'Arabic'),
(100, 'Uzbek'),
(101, ''),
(102, 'Arabic'),
(103, 'English'),
(104, 'English'),
(105, 'English'),
(106, 'English'),
(107, 'English'),
(107, 'French'),
(108, 'Spanish'),
(109, 'Spanish'),
(110, 'English'),
(111, 'Spanish'),
(112, 'Spanish'),
(113, 'English'),
(114, 'Spanish'),
(115, 'Creole'),
(115, 'French'),
(115, 'Haitian '),
(116, 'Spanish'),
(117, 'English'),
(118, 'None at federal level'),
(119, 'Spanish'),
(120, 'Spanish'),
(121, 'English'),
(122, 'English'),
(123, 'English'),
(124, 'English'),
(125, 'None at the federal level'),
(126, 'Spanish'),
(127, 'Aymara'),
(127, 'Guaraniand 33 others (all '),
(127, 'Indigenous languages)'),
(127, 'Quechua'),
(127, 'Spanish'),
(128, 'Portuguese'),
(129, ''),
(130, 'Spanish'),
(131, 'Spanish'),
(132, 'English'),
(133, 'Guarani'),
(133, 'Spanish'),
(134, 'Spanish'),
(135, 'Dutch'),
(136, 'None ('),
(136, 'Spanish has de facto status)'),
(137, 'Spanish'),
(138, 'Albanian'),
(139, 'Catalan'),
(140, 'Austrian '),
(140, 'German'),
(141, 'Belarusian'),
(141, 'Russiana'),
(142, 'Dutch'),
(142, 'French'),
(142, 'German'),
(143, 'None'),
(144, 'Bulgarian'),
(145, 'Croatian'),
(146, 'Czech'),
(147, 'Danish'),
(148, 'Estonian'),
(149, 'Finnish'),
(149, 'Swedish'),
(150, 'French'),
(151, 'German'),
(152, 'Greek'),
(153, 'Hungarian'),
(154, 'Icelandic'),
(155, 'Irish,'),
(156, 'Italiana'),
(157, 'Latviana'),
(158, 'German'),
(159, 'Lithuanian'),
(160, 'Luxembourgish'),
(160, 'National language: '),
(161, 'Maltese,'),
(162, 'Moldovan)'),
(162, 'Romanian (also called '),
(163, 'French'),
(164, 'Montenegrin'),
(165, 'Dutch'),
(166, 'Macedonian'),
(167, 'Norwegian'),
(168, 'Polish'),
(169, 'Portuguese'),
(170, 'Romanian'),
(171, 'Italian'),
(172, 'Serbian'),
(173, 'Slovak'),
(174, 'Slovene'),
(175, 'Spanish'),
(176, 'Swedish'),
(177, 'German'),
(178, 'Ukrainian'),
(179, 'English'),
(180, 'Italian'),
(181, 'None at the federal level'),
(182, 'English'),
(183, 'Fijian'),
(184, 'English'),
(184, 'Gilbertese'),
(185, 'English'),
(185, 'Marshallese'),
(186, 'English'),
(186, 'Nauruan'),
(187, 'English'),
(188, 'English '),
(188, 'Japanese'),
(188, 'National: '),
(188, 'Palauan'),
(188, 'Sonsorolese'),
(188, 'State-level: '),
(188, 'Tobian'),
(189, 'English'),
(189, 'G '),
(189, 'Hiri '),
(189, 'Language'),
(189, 'Motu'),
(189, 'N'),
(189, 'P'),
(189, 'Pisin'),
(189, 'Sign '),
(189, 'Tok '),
(190, 'English'),
(190, 'Samoan'),
(191, 'English'),
(192, 'English'),
(192, 'Tongan'),
(193, 'English'),
(193, 'Tuvaluan'),
(194, 'Bislama'),
(194, 'English'),
(194, 'French');

-- --------------------------------------------------------

--
-- Table structure for table `Presidents`
--

CREATE TABLE `Presidents` (
  `id` int NOT NULL,
  `Name` varchar(1000) CHARACTER SET utf8mb4 COLLATE utf8mb4_0900_ai_ci DEFAULT NULL,
  `BirthDate` date DEFAULT NULL,
  `OfficeDate` date DEFAULT NULL,
  `PoliticalParty` varchar(1000) CHARACTER SET utf8mb4 COLLATE utf8mb4_0900_ai_ci DEFAULT NULL
) ENGINE=InnoDB DEFAULT CHARSET=utf8mb4 COLLATE=utf8mb4_0900_ai_ci;

--
-- Dumping data for table `Presidents`
--

INSERT INTO `Presidents` (`id`, `Name`, `BirthDate`, `OfficeDate`, `PoliticalParty`) VALUES
(1, 'Abdelmadjid Tebboune', '1945-11-17', '2019-12-19', 'National Liberation Front'),
(2, 'João Lourenço', '1954-03-05', '2017-09-26', 'People\'s Movement for the Liberation of Angola '),
(3, 'Patrice Talon', '1958-05-01', '2016-04-06', 'Independent'),
(4, 'Mokgweetsi Masisi', '1962-07-21', '2018-04-01', 'Botswana Democratic Party'),
(5, 'Roch Marc Christian Kaboré', '1957-04-25', '2015-12-29', 'Organization for Popular Democracy – Labour Movement '),
(6, 'Évariste Ndayishimiye', '0000-00-00', '2020-06-18', 'CNDD–FDD'),
(7, 'Paul Biya', '1933-02-13', '1982-11-06', 'RDPC'),
(8, 'José Maria Neves', '1960-03-28', '2021-11-09', 'African Party for the Independence of Cape Verde'),
(9, 'Faustin-Archange Touadéra', '1957-04-21', '2016-03-30', 'United Hearts Movement '),
(10, 'Azali Assoumani', '1959-01-01', '2019-05-26', 'Convention for the Renewal of the Comoros'),
(11, 'Félix Tshisekedi', '1963-06-13', '2019-01-24', 'Union for Democracy and Social Progress'),
(12, 'Denis Sassou Nguesso', '1943-11-23', '1997-10-25', 'Congolese Party of Labour '),
(13, 'Ismaïl Omar Guelleh', '1947-11-27', '0000-00-00', 'People\'s Rally for Progress'),
(14, 'Abdel Fattah el-Sisi', '1954-11-19', '2014-06-08', 'Independent'),
(15, 'Teodoro Obiang Nguema Mbasogo', '1942-06-05', '2011-01-31', 'Democratic Party'),
(16, 'Isaias Afwerki', '1946-02-02', '1993-05-24', 'People\'s Front for Democracy and Justice'),
(17, 'Sahle-Work Zewde', '1950-02-21', '2018-10-25', 'Independent'),
(18, 'Ali Bongo Ondimba', '1959-02-09', '2009-10-16', 'PDG'),
(19, 'Adama Barrow', '1965-02-15', '2017-01-19', 'National People\'s Party '),
(20, 'Nana Akufo-Addo', '1944-03-29', '2017-01-07', 'New Patriotic Party'),
(21, 'Mamady Doumbouya ', '0000-00-00', '2021-10-01', ''),
(22, 'Umaro Sissoco Embaló', '1972-09-23', '2016-11-18', 'Madem G15 '),
(23, 'Alassane Ouattara', '1942-01-01', '2010-12-04', 'Democratic Party '),
(24, 'Uhuru Kenyatta', '1961-10-26', '2013-04-09', 'Kenya African National Union '),
(25, 'Letsie III', '1963-07-17', '0000-00-00', ''),
(26, 'George Weah', '1966-10-01', '2018-01-22', 'Congress for Democratic Change'),
(27, 'Mohamed al-Menfi', '1976-03-03', '2021-03-15', ''),
(28, 'Andry Rajoelina', '1974-05-30', '2019-01-19', 'Young Malagasies Determined'),
(29, 'Lazarus Chakwera', '1955-04-05', '2014-05-01', 'Malawi Congress Party, Tonse Alliance'),
(30, 'Assimi Goïta ', '0000-00-00', '2021-05-24', ''),
(31, 'Mohamed Ould Ghazouani', '1956-12-04', '2019-08-01', 'Union for the Republic'),
(32, 'Prithvirajsing Roopun', '1959-05-24', '2019-12-02', 'Militant Socialist Movement '),
(33, 'Filipe Nyusi', '1959-02-12', '2015-01-15', 'FRELIMO'),
(34, 'Hage Geingob', '1941-08-03', '2015-03-21', 'SWAPO'),
(35, 'Mohamed Bazoum', '1960-01-01', '2021-04-02', 'Nigerien Party for Democracy and Socialism'),
(36, 'Muhammadu Buhari', '1942-12-17', '2015-05-30', 'All Progressives Congress '),
(37, 'Paul Kagame', '1957-10-23', '2018-01-28', 'Rwandan Patriotic Front'),
(38, 'Carlos Vila Nova', '0000-00-00', '2021-10-02', 'ADI'),
(39, 'Macky Sall', '1961-12-11', '2012-04-02', 'Senegalese Democratic Party '),
(40, 'Wavel Ramkalawan', '1959-03-15', '0000-00-00', 'Linyon Demokratik Seselwa'),
(41, 'Julius Maada Bio', '1964-05-12', '2018-04-04', 'Sierra Leone People\'s Party'),
(42, 'Mohamed Abdullahi Mohamed', '1962-03-11', '2017-02-16', 'Nabad iyo Nolol'),
(43, 'Cyril Ramaphosa', '1952-11-17', '2018-02-15', 'African National Congress'),
(44, 'Salva Kiir Mayardit', '1951-09-13', '2011-07-09', 'Sudan People\'s Liberation Movement'),
(45, 'Samia Suluhu', '1960-01-27', '2021-03-19', 'Chama Cha Mapinduzi'),
(46, 'Faure Gnassingbé', '1966-06-06', '0000-00-00', 'UNIR '),
(47, 'Kais Saied', '1958-02-22', '2019-10-23', 'Independent'),
(48, 'Yoweri Museveni', '1944-09-15', '1986-01-29', 'National Resistance Movement'),
(49, 'Hakainde Hichilema', '1962-06-04', '2021-08-24', 'United Party for National Development'),
(50, 'Emmerson Mnangagwa', '1942-09-15', '2017-11-24', 'United National Independence Party '),
(51, 'Armen Sarkissian', '1952-06-23', '2018-04-09', 'Independent'),
(52, 'Ilham Aliyev', '1961-12-24', '2003-10-31', 'New Azerbaijan Party'),
(53, 'Abdul Hamid', '1944-01-01', '2013-03-14', 'Awami League'),
(54, 'Norodom Sihamoni', '1953-05-14', '0000-00-00', ''),
(55, 'Xi Jinping', '1953-06-15', '2012-11-15', 'Chinese Communist Party '),
(56, 'Nicos Anastasiades', '1946-09-27', '2013-02-28', 'Centre Union '),
(57, 'Francisco Guterres', '1954-09-07', '2017-05-20', 'Fretilin'),
(58, 'Salome Zurabishvili', '1952-03-18', '2018-12-16', 'Way of Georgia '),
(59, 'Ram Nath Kovind', '1945-10-01', '2017-07-25', 'Bharatiya Janata Party'),
(60, 'Joko Widodo', '1961-06-21', '2014-10-20', 'PDI-P'),
(61, 'Ebrahim Raisi', '1960-12-14', '2021-08-03', 'Combatant Clergy Association'),
(62, 'Barham Salih', '1960-09-12', '2018-10-02', 'Patriotic Union of Kurdistan '),
(63, 'Isaac Herzog', '1960-09-22', '2021-07-07', 'Labor Party'),
(64, 'Abdullah II', '1962-01-30', '0000-00-00', ''),
(65, 'Kassym-Jomart Tokayev', '1953-05-17', '2019-03-20', 'Nur Otan'),
(66, 'Kim Jong-un', '1982-01-08', '2012-04-11', 'Workers\' Party of Korea'),
(67, 'Moon Jae-in', '1953-01-24', '2017-05-10', 'Democratic'),
(68, 'Sadyr Japarov', '1968-12-06', '2021-01-28', 'Mekenchil'),
(69, 'Thongloun Sisoulith', '1945-11-10', '2021-01-15', 'Lao People\'s Revolutionary Party'),
(70, 'Michel Aoun', '1933-09-30', '2016-10-31', 'Free Patriotic Movement'),
(71, 'Ibrahim Mohamed Solih', '1962-03-01', '2018-11-17', 'Maldivian Democratic Party '),
(72, 'Ukhnaagiin Khürelsükh', '1968-06-14', '2021-06-25', 'Mongolian People\'s Party'),
(73, 'Myint Swe ', '1951-05-24', '2021-02-01', 'Union Solidarity and Development Party'),
(74, 'Bidya Devi Bhandari', '1961-06-19', '2015-10-29', 'Independent '),
(75, 'Arif Alvi', '1949-08-29', '2018-09-09', 'Pakistan Tehreek-e-Insaf'),
(76, 'Rodrigo Duterte', '1945-03-28', '2016-06-30', 'PDP–Laban'),
(77, 'Vladimir Putin', '1952-10-07', '2012-05-07', 'Independent '),
(78, 'Gotabaya Rajapaksa', '1949-06-20', '2019-11-18', ''),
(79, 'Bashar al-Assad', '1965-09-11', '2000-07-17', 'Syrian Ba\'ath Party'),
(80, 'Emomali Rahmon', '1952-10-05', '1992-11-20', 'People\'s Democratic Party '),
(81, 'Vajiralongkorn ', '1952-07-28', '0000-00-00', ''),
(82, 'Recep Tayyip Erdoğan', '1954-02-26', '2014-08-28', 'Justice and Development Party '),
(83, 'Gurbanguly Berdimuhamedow', '1957-06-29', '2007-02-14', 'Independent '),
(84, 'Khalifa bin Zayed Al Nahyan', '1948-09-07', '0000-00-00', ''),
(85, 'Shavkat Mirziyoyev', '1957-07-24', '2016-12-14', 'Liberal Democratic Party '),
(86, 'Nguyễn Xuân Phúc', '1954-07-20', '2021-04-05', 'Communist Party of Vietnam '),
(87, 'Abdrabbuh Mansur Hadi ', '1945-09-01', '2012-02-27', 'General People\'s Congress'),
(88, 'Elizabeth II', '1926-04-21', '0000-00-00', ''),
(89, 'Elizabeth II', '1926-04-21', '0000-00-00', ''),
(90, 'Elizabeth II', '1926-04-21', '0000-00-00', ''),
(91, 'Elizabeth II', '1926-04-21', '0000-00-00', ''),
(92, 'Elizabeth II', '1926-04-21', '0000-00-00', ''),
(93, 'Carlos Alvarado', '1980-01-14', '2018-05-08', 'Citizens\' Action Party'),
(94, 'Miguel Díaz-Canel', '1960-04-20', '2021-04-19', 'Communist'),
(95, 'Charles Savarin', '1943-10-02', '2013-10-02', 'Labour Party'),
(96, 'Luis Abinader', '1967-07-12', '2020-08-16', 'Modern Revolutionary Party'),
(97, 'Nayib Bukele', '1981-07-24', '2019-06-01', 'Nuevas Ideas '),
(98, 'Elizabeth II', '1926-04-21', '0000-00-00', ''),
(99, 'Alejandro Giammattei', '1956-03-09', '2020-01-14', 'Vamos'),
(100, 'Ariel Henry ', '1949-11-06', '2021-07-20', 'Inite'),
(101, 'Juan Orlando Hernández', '1968-10-28', '2014-01-27', 'National Party'),
(102, 'Elizabeth II', '1926-04-21', '0000-00-00', ''),
(103, 'Andrés Manuel López Obrador', '1953-11-13', '2018-12-01', 'National Regeneration Movement  '),
(104, 'Daniel Ortega', '1945-11-11', '2007-01-10', 'FSLN'),
(105, 'Laurentino Cortizo', '1953-01-30', '2019-07-01', 'Democratic Revolutionary Party'),
(106, 'Elizabeth II', '1926-04-21', '0000-00-00', ''),
(107, 'Elizabeth II', '1926-04-21', '0000-00-00', ''),
(108, 'Elizabeth II', '1926-04-21', '0000-00-00', ''),
(109, 'Paula-Mae Weekes ', '1958-12-23', '2018-03-19', 'Independent'),
(110, 'Joe Biden ', '1942-11-20', '2021-01-20', 'Democratic '),
(111, 'Alberto Fernández', '1959-04-02', '2019-12-10', 'Justicialist Party '),
(112, 'Luis Arce', '1963-09-28', '2019-01-23', 'Movement for Socialism'),
(113, 'Jair Bolsonaro', '1955-03-21', '2019-01-01', 'Social Liberal '),
(114, 'Sebastián Piñera', '1949-12-01', '2018-03-11', 'National Renewal '),
(115, 'Iván Duque Márquez', '1976-08-01', '2018-08-07', 'Democratic Center'),
(116, 'Guillermo Lasso', '1955-11-16', '2021-05-24', 'Creating Opportunities'),
(117, 'Irfaan Ali', '1980-04-25', '0000-00-00', 'People\'s Progressive Party/Civic'),
(118, 'Mario Abdo Benítez', '1971-11-10', '2018-08-15', 'Colorado Party'),
(119, 'Pedro Castillo', '1969-10-19', '2021-07-28', 'Free Peru '),
(120, 'Chan Santokhi', '1959-02-03', '2020-07-16', 'Progressive Reform Party '),
(121, 'Luis Lacalle Pou', '1973-08-11', '2020-03-01', 'National Party'),
(122, 'Nicolás Maduro', '1962-11-23', '2013-03-05', 'United Socialist Party of Venezuela '),
(123, 'Ilir Meta', '1969-03-24', '2017-07-24', 'Independent '),
(124, 'Alexander Van der Bellen', '1944-01-18', '2017-01-26', 'Independent '),
(125, 'Alexander Lukashenko ', '1954-08-30', '1994-07-20', 'Independent '),
(126, 'Philippe', '1960-04-15', '0000-00-00', ''),
(127, 'Rumen Radev', '1963-06-18', '2017-01-22', 'Independent '),
(128, 'Zoran Milanović', '1966-10-30', '2020-02-19', 'Independent '),
(129, 'Miloš Zeman', '1944-09-28', '2013-03-08', 'Communist Party '),
(130, 'Margrethe II', '1940-04-16', '0000-00-00', ''),
(131, 'Alar Karis', '1958-03-26', '2021-10-11', 'Independent'),
(132, 'Sauli Niinistö', '1948-08-24', '2012-03-01', '\nIndependent '),
(133, 'Emmanuel Macron', '1977-12-21', '2017-05-14', 'La République En Marche! '),
(134, 'Frank-Walter Steinmeier', '1956-01-05', '2017-03-19', 'Social Democratic Party'),
(135, 'Katerina Sakellaropoulou', '1956-05-30', '2020-03-13', 'Independent'),
(136, 'János Áder', '1959-05-09', '2012-05-10', 'Fidesz'),
(137, 'Guðni Th. Jóhannesson', '1968-06-26', '2016-08-01', 'Independent'),
(138, 'Michael D. Higgins', '1941-04-18', '2011-11-11', 'Independent '),
(139, 'Sergio Mattarella', '1941-07-23', '2015-02-03', 'Independent '),
(140, 'Egils Levits', '1955-06-30', '2019-07-08', 'Latvian Way '),
(141, 'Hans-Adam II', '1945-02-14', '0000-00-00', ''),
(142, 'Gitanas Nausėda', '1964-05-19', '2019-07-12', 'Independent'),
(143, 'Henri', '1955-04-16', '0000-00-00', ''),
(144, 'George Vella', '1942-04-24', '2019-04-04', 'Labour'),
(145, 'Maia Sandu', '1972-05-24', '2019-06-08', 'Independent '),
(146, 'Prince Albert II', '1958-03-14', '0000-00-00', ''),
(147, 'Milo Đukanović', '1962-02-15', '2018-05-20', 'SKJ '),
(148, 'Willem-Alexander', '1967-04-27', '0000-00-00', ''),
(149, 'Stevo Pendarovski', '1963-04-03', '2019-05-12', ''),
(150, 'Harald V', '1937-02-21', '0000-00-00', ''),
(151, 'Andrzej Duda', '1972-05-16', '2015-08-06', 'Independent '),
(152, 'Marcelo Rebelo de Sousa', '1948-12-12', '2016-03-09', 'Independent '),
(153, 'Klaus Iohannis', '1959-06-13', '2014-12-21', 'Independent politician'),
(154, 'Aleksandar Vučić', '1970-03-05', '2017-05-31', 'SRS '),
(155, 'Zuzana Čaputová', '1973-06-21', '2019-06-15', 'Progressive Slovakia '),
(156, 'Borut Pahor', '1963-11-02', '2012-12-22', 'SKJ '),
(157, 'Felipe VI', '1968-01-30', '0000-00-00', ''),
(158, 'Carl XVI Gustaf', '1946-04-30', '0000-00-00', ''),
(159, 'Volodymyr Zelensky', '1978-01-25', '2019-05-20', 'Independent'),
(160, 'Elizabeth II', '1926-04-21', '0000-00-00', ''),
(161, 'Elizabeth II', '1926-04-21', '0000-00-00', ''),
(162, 'Elizabeth II', '1926-04-21', '0000-00-00', ''),
(163, 'David Panuelo', '1964-04-13', '2019-05-11', ''),
(164, 'Wiliame Katonivere', '1964-04-20', '2021-11-12', ''),
(165, 'Taneti Maamau', '1960-09-16', '2016-03-11', 'Tobwaan Kiribati Party'),
(166, 'David Kabua', '0000-00-00', '2020-01-13', 'Independent'),
(167, 'Lionel Aingimea', '0000-00-00', '2019-08-27', 'Independent'),
(168, 'Elizabeth II', '1926-04-21', '0000-00-00', ''),
(169, 'Surangel Whipps Jr.', '1968-08-09', '2021-01-21', 'Independent'),
(170, 'Elizabeth II', '1926-04-21', '0000-00-00', ''),
(171, 'Elizabeth II', '1926-04-21', '0000-00-00', ''),
(172, 'Tupou VI', '1959-07-12', '0000-00-00', ''),
(173, 'Elizabeth II', '1926-04-21', '0000-00-00', ''),
(174, 'Tallis Obed Moses', '1954-10-24', '2017-07-06', 'Independent');

-- --------------------------------------------------------

--
-- Table structure for table `Travels`
--

CREATE TABLE `Travels` (
  `Username` varchar(100) NOT NULL,
  `CountryID` int NOT NULL,
  `Rating` int NOT NULL,
  `Review` varchar(256) NOT NULL
) ENGINE=InnoDB DEFAULT CHARSET=utf8mb4 COLLATE=utf8mb4_0900_ai_ci;

--
-- Dumping data for table `Travels`
--

INSERT INTO `Travels` (`Username`, `CountryID`, `Rating`, `Review`) VALUES
('Demo', 58, 1, 'Very bad, not satisfied'),
('Ramy', 1, 10, 'Cool'),
('Ramy', 15, 8, 'Om ElDonya'),
('Ramy', 55, 1, 'Happy');

-- --------------------------------------------------------

--
-- Table structure for table `Users`
--

CREATE TABLE `Users` (
  `Username` varchar(100) NOT NULL,
  `Password` varchar(500) CHARACTER SET utf8mb4 COLLATE utf8mb4_0900_ai_ci NOT NULL,
  `Gender` enum('M','F') NOT NULL,
  `Age` int NOT NULL,
  `BirthDate` date NOT NULL
) ENGINE=InnoDB DEFAULT CHARSET=utf8mb4 COLLATE=utf8mb4_0900_ai_ci;

--
-- Dumping data for table `Users`
--

INSERT INTO `Users` (`Username`, `Password`, `Gender`, `Age`, `BirthDate`) VALUES
('Demo', '$2y$10$CTrEphCB7h7C/gWYgL0U9uiJ9powj8wF888pYju/WcbUiosbY5jgG', 'M', 21, '2009-02-03'),
('Omar', '$2y$10$Eo3wFuiJqJ45VN7et15XkeavOoOp3rWgcdfIh2pcipu2PLPNnWaRe', 'M', 21, '1999-06-30'),
('Ramy', '$2y$10$LUVR0GwgRyJlWBf4EuN2HOfp/A4HYcSUYUGkRsxKILUQ8ZEgsXMXO', 'M', 21, '1970-01-01');

--
-- Indexes for dumped tables
--

--
-- Indexes for table `City`
--
ALTER TABLE `City`
  ADD PRIMARY KEY (`id`);

--
-- Indexes for table `Country`
--
ALTER TABLE `Country`
  ADD PRIMARY KEY (`id`),
  ADD UNIQUE KEY `Name_UNIQUE` (`Name`),
  ADD KEY `fk_Country_City1_idx` (`GeoCapital`),
  ADD KEY `fk_Country_City2_idx` (`PolCapital`),
  ADD KEY `fk_Country_Presidents1_idx` (`President_Monarch`);

--
-- Indexes for table `Official Languages`
--
ALTER TABLE `Official Languages`
  ADD PRIMARY KEY (`Language`,`CountryID`),
  ADD KEY `CountryID_idx` (`CountryID`);

--
-- Indexes for table `Presidents`
--
ALTER TABLE `Presidents`
  ADD PRIMARY KEY (`id`);

--
-- Indexes for table `Travels`
--
ALTER TABLE `Travels`
  ADD PRIMARY KEY (`Username`,`CountryID`),
  ADD KEY `fk_Travels_Country1_idx` (`CountryID`);

--
-- Indexes for table `Users`
--
ALTER TABLE `Users`
  ADD PRIMARY KEY (`Username`);

--
-- AUTO_INCREMENT for dumped tables
--

--
-- AUTO_INCREMENT for table `City`
--
ALTER TABLE `City`
  MODIFY `id` int NOT NULL AUTO_INCREMENT, AUTO_INCREMENT=232;

--
-- AUTO_INCREMENT for table `Country`
--
ALTER TABLE `Country`
  MODIFY `id` int NOT NULL AUTO_INCREMENT, AUTO_INCREMENT=195;

--
-- AUTO_INCREMENT for table `Presidents`
--
ALTER TABLE `Presidents`
  MODIFY `id` int NOT NULL AUTO_INCREMENT, AUTO_INCREMENT=175;

--
-- Constraints for dumped tables
--

--
-- Constraints for table `Country`
--
ALTER TABLE `Country`
  ADD CONSTRAINT `fk_Country_City1` FOREIGN KEY (`GeoCapital`) REFERENCES `City` (`id`),
  ADD CONSTRAINT `fk_Country_City2` FOREIGN KEY (`PolCapital`) REFERENCES `City` (`id`),
  ADD CONSTRAINT `fk_Country_Presidents1` FOREIGN KEY (`President_Monarch`) REFERENCES `Presidents` (`id`);

--
-- Constraints for table `Official Languages`
--
ALTER TABLE `Official Languages`
  ADD CONSTRAINT `CountryID` FOREIGN KEY (`CountryID`) REFERENCES `Country` (`id`);

--
-- Constraints for table `Travels`
--
ALTER TABLE `Travels`
  ADD CONSTRAINT `fk_Travels_Country1` FOREIGN KEY (`CountryID`) REFERENCES `Country` (`id`),
  ADD CONSTRAINT `fk_Travels_Users1` FOREIGN KEY (`Username`) REFERENCES `Users` (`Username`);
COMMIT;

/*!40101 SET CHARACTER_SET_CLIENT=@OLD_CHARACTER_SET_CLIENT */;
/*!40101 SET CHARACTER_SET_RESULTS=@OLD_CHARACTER_SET_RESULTS */;
/*!40101 SET COLLATION_CONNECTION=@OLD_COLLATION_CONNECTION */;
